Config,m_SS1,m_SS2,m_arrivi,q_prob_U1,p_feedback,queueLenNode1_U1:timeavg,queueLenNode1_U2:timeavg,queueLenSS1:timeavg,queueLenSS2:timeavg,CodaTotale_Nodo1,CodaTotale_Nodo2
Config1,2.4,2.0,4.0,0.4,0.6,0.6480113173090915,3818.048700841392,0.16034449961993363,0.05435066110420646,3818.707355534679,0.21722330115070426
Config1,2.4,2.0,4.0,0.4,0.8,47.45990257412679,8144.124422940383,10.766397721704777,8.355839395579883e-05,8204.758160949623,10.767969338445734
Config1,2.4,2.0,4.0,0.4,0.9,899.1600922733896,8202.374684108436,1694.2968067304796,0.0,9135.752280891964,1694.2968067304796
Config1,2.4,2.0,4.0,0.6,0.6,2.087553335211626,3258.007791246622,0.4748632559097798,0.01860569130158682,3260.1126043435575,0.4950587693333883
Config1,2.4,2.0,4.0,0.6,0.8,2693.5612410133767,5473.126759915299,12.55571666382657,0.0,8193.950747869916,12.55571666382657
Config1,2.4,2.0,4.0,0.6,0.9,3555.9958948767776,5474.410146138133,1790.0440103507985,0.0,9054.432045759948,1790.0440103507985
Config1,2.4,2.0,4.0,0.8,0.6,92.59878978410745,2662.798902425859,1.091585961711186,1.2454528068296894e-05,2771.798387469425,1.091938425804637
Config1,2.4,2.0,4.0,0.8,0.8,5473.322088509202,2738.5934390481093,11.357999423932338,0.0,8223.464337971487,11.357999423932338
Config1,2.4,2.0,4.0,0.8,0.9,6349.290474005393,2745.548284078121,1735.9228263732489,0.0,9111.369623447934,1735.9228263732489
Config1,2.4,2.0,5.0,0.4,0.6,0.4371748910078893,1273.782867942044,0.09619537293409124,0.075466272450918,1274.2252979561501,0.1741096521348416
Config1,2.4,2.0,5.0,0.4,0.8,2.6064392783469184,5731.003565054222,1.8002447148959095,0.02855212239296845,5733.828455898466,1.8349151212890211
Config1,2.4,2.0,5.0,0.4,0.9,40.5952584443704,6539.71166302772,1616.377648897392,0.0006427381619553306,6596.336751051506,1616.3789397647633
Config1,2.4,2.0,5.0,0.6,0.6,0.9824748656741173,861.3570964999528,0.249117641925416,0.03823937401783539,862.3600826501739,0.28984084031355023
Config1,2.4,2.0,5.0,0.6,0.8,1052.8046033467572,4372.149615053393,11.455133115580592,0.0,5446.532924416881,11.455133115580592
Config1,2.4,2.0,5.0,0.6,0.9,1960.9009394409356,4390.1977911667655,1788.050044498161,0.0,6371.20621654533,1788.050044498161
Config1,2.4,2.0,5.0,0.8,0.6,2.7218221547178634,403.8864085583412,0.5527592587544565,0.014109310585215102,406.77063669447887,0.5679420182549828
Config1,2.4,2.0,5.0,0.8,0.8,3284.900303927077,2190.583414221078,11.735838850999418,0.0,5494.8554093747425,11.735838850999418
Config1,2.4,2.0,5.0,0.8,0.9,4172.827442779422,2166.3247226132917,1713.5234955374685,0.0,6359.572679989101,1713.5234955374685
Config1,2.4,2.0,6.0,0.4,0.6,0.3177614192302554,11.621462279373096,0.056584411408417454,0.07940564646034672,11.944366988682996,0.13816848676008248
Config1,2.4,2.0,6.0,0.4,0.8,1.2745177552349385,3972.363936829376,0.8501888996109599,0.06354309967334049,3973.7158688935447,0.9205597263185838
Config1,2.4,2.0,6.0,0.4,0.9,13.059377760324395,5395.021131918769,997.7030248609133,0.003492369680592243,5410.021616650273,997.7068409885212
Config1,2.4,2.0,6.0,0.6,0.6,0.5929404198532735,5.294048373482435,0.15384908475178558,0.034695900303815516,5.8921617635779215,0.1906598137893135
Config1,2.4,2.0,6.0,0.6,0.8,44.746806597342356,3555.5072584516047,9.387260617734633,0.00048622675034263793,3612.853482125919,9.38877912350282
Config1,2.4,2.0,6.0,0.6,0.9,895.4372399976446,3635.148753442853,1704.443342180137,0.0,4547.786066741074,1704.443342180137
Config1,2.4,2.0,6.0,0.8,0.6,1.1574249492923459,2.540594196892283,0.32129791600390845,0.010502006773871149,3.7075596135444284,0.33305504849222034
Config1,2.4,2.0,6.0,0.8,0.8,1796.4573814066343,1809.5766982231553,11.973105268441707,0.0,3625.0448411194993,11.973105268441707
Config1,2.4,2.0,6.0,0.8,0.9,2737.447561172966,1820.0526687161207,1762.0942714811931,0.0,4581.881160865,1762.0942714811931
Config1,2.4,3.0,4.0,0.4,0.6,0.6450987184742116,3815.608539732139,0.15475811288148403,0.19638221216814356,3816.2627948976533,0.3553996287155992
Config1,2.4,3.0,4.0,0.4,0.8,57.41261721883823,8160.01524647746,10.062019934976288,0.0005279142944865679,8230.290483868157,10.065383382669046
Config1,2.4,3.0,4.0,0.4,0.9,910.6350930611543,8222.253014073869,1734.1842874718377,0.0,9184.832889275329,1734.1842874718377
Config1,2.4,3.0,4.0,0.6,0.6,2.0276096919357554,3222.2876244625195,0.44778887883034285,0.06301980038664662,3224.3814149424184,0.5144895603229666
Config1,2.4,3.0,4.0,0.6,0.8,2735.295944281838,5459.567006138051,12.212007060629595,0.0,8228.481338987347,12.212007060629595
Config1,2.4,3.0,4.0,0.6,0.9,3631.6714761880103,5473.110448176048,1715.9934039321067,0.0,9119.364385850029,1715.9934039321067
Config1,2.4,3.0,4.0,0.8,0.6,95.53592548606485,2645.984204682272,1.089088020184731,-0.00014763764372482144,2749.5034535138,1.0917565978150423
Config1,2.4,3.0,4.0,0.8,0.8,5461.874789949502,2731.028628093363,10.981653004712626,0.0,8208.982867192588,10.981653004712626
Config1,2.4,3.0,4.0,0.8,0.9,6403.219752398144,2740.049761439064,1706.8105579739972,0.0,9160.10350322775,1706.8105579739972
Config1,2.4,3.0,5.0,0.4,0.6,0.4399770113228596,1312.5758313180447,0.09241773064113484,0.285715006353366,1313.0201960392774,0.3817543224661587
Config1,2.4,3.0,5.0,0.4,0.8,2.726254214739136,5697.98625860482,1.9445107612228967,0.10695799033807547,5700.907573793988,2.0689138379402436
Config1,2.4,3.0,5.0,0.4,0.9,42.34481029260924,6535.477152402876,1590.0181542331065,0.002119671082214636,6592.284628105494,1590.0217893358
Config1,2.4,3.0,5.0,0.6,0.6,0.9740553334455675,828.1262383953533,0.24416321917077058,0.13068059807960813,829.1154576595975,0.38034140921377596
Config1,2.4,3.0,5.0,0.6,0.8,1054.964211441871,4388.613024285368,12.204920970043265,0.0,5460.905945266372,12.204920970043265
Config1,2.4,3.0,5.0,0.6,0.9,1978.972781552535,4385.29095189209,1753.0249836558378,0.0,6400.259630515615,1753.0249836558378
Config1,2.4,3.0,5.0,0.8,0.6,2.631317649293047,436.0277896723403,0.5457315561257717,0.046116950636389854,438.7459663658967,0.5960052543022492
Config1,2.4,3.0,5.0,0.8,0.8,3272.621520025394,2197.223805830399,10.862557951010093,0.0,5495.83849748177,10.862557951010093
Config1,2.4,3.0,5.0,0.8,0.9,4150.37601301522,2178.358286220704,1767.1233532055808,0.0,6346.623175036436,1767.1233532055808
Config1,2.4,3.0,6.0,0.4,0.6,0.3182547329979477,12.049216656378022,0.06026958159433041,0.30389012679814453,12.371273499847822,0.36602800957045123
Config1,2.4,3.0,6.0,0.4,0.8,1.3278306738407903,3997.5439756153255,0.8711705292163963,0.2610319654789571,3998.915505144058,1.1584279303356637
Config1,2.4,3.0,6.0,0.4,0.9,12.992775576699554,5378.715555416115,979.4680958812755,0.00940884852883173,5393.102100959049,979.4789633713887
Config1,2.4,3.0,6.0,0.6,0.6,0.589651843418291,6.370867593561246,0.1484760236207843,0.12938808942872904,6.9647404364591745,0.2821752660664278
Config1,2.4,3.0,6.0,0.6,0.8,42.66459785664685,3539.7441009251897,9.741463392152191,0.0014455641310500908,3606.265881505611,9.746215403123212
Config1,2.4,3.0,6.0,0.6,0.9,934.4488619604315,3639.9961325865193,1682.1393568280682,0.0,4598.641224016408,1682.1393568280682
Config1,2.4,3.0,6.0,0.8,0.6,1.159271247112634,2.5314186325716737,0.3161119937890747,0.030850280569098276,3.7006545013582497,0.3484447664002395
Config1,2.4,3.0,6.0,0.8,0.8,1817.7280446230363,1817.730854623361,11.560590810150588,0.0,3646.5401799690685,11.560590810150588
Config1,2.4,3.0,6.0,0.8,0.9,2688.794898501212,1811.658687186145,1763.763059138801,0.0,4524.358993816809,1763.763059138801
Config1,2.4,4.0,4.0,0.4,0.6,0.6591082593939929,3814.8584615745713,0.15698838596759693,0.4743198367996909,3815.5252239861766,0.6355853249472597
Config1,2.4,4.0,4.0,0.4,0.8,45.378023259360006,8146.178388774083,9.263362708722518,0.002408207058974654,8208.247562881972,9.278989884712992
Config1,2.4,4.0,4.0,0.4,0.9,892.1450525874446,8184.919389896537,1708.899112293202,0.0,9110.931051904969,1708.899112293202
Config1,2.4,4.0,4.0,0.6,0.6,1.9733507180659546,3261.076440352474,0.4466730286497998,0.14061792313185315,3263.0871958566645,0.596077019626141
Config1,2.4,4.0,4.0,0.6,0.8,2718.2432307578656,5488.164353343047,11.82751544742113,0.0,8228.151377319175,11.82751544742113
Config1,2.4,4.0,4.0,0.6,0.9,3606.42563479261,5477.979865515024,1750.5059577679835,0.0,9113.468365232588,1750.5059577679835
Config1,2.4,4.0,4.0,0.8,0.6,78.71221559983157,2623.108637785704,1.0834661372499619,0.00079554563222233,2717.108785119332,1.0873942068850226
Config1,2.4,4.0,4.0,0.8,0.8,5454.99596190575,2737.7995862448247,11.102240552055312,0.0,8202.757527646574,11.102240552055312
Config1,2.4,4.0,4.0,0.8,0.9,6358.062536453901,2733.1479970444525,1734.5142453737271,0.0,9103.082894845058,1734.5142453737271
Config1,2.4,4.0,5.0,0.4,0.6,0.4320485820195546,1255.806729713004,0.09185008533708892,0.7950801469393898,1256.2424329610249,0.8945360181099246
Config1,2.4,4.0,5.0,0.4,0.8,2.652644104046787,5680.602311757387,1.898895067349227,0.2846488693812503,5683.409426189188,2.2401763751117283
Config1,2.4,4.0,5.0,0.4,0.9,60.507825317129615,6536.805555368732,1554.5057114276674,0.0014955808531307816,6620.018137325694,1554.5088617873423
Config1,2.4,4.0,5.0,0.6,0.6,0.959784491620225,811.2950418773357,0.24060099124506912,0.31368735050034036,812.278808603185,0.5629362277568201
Config1,2.4,4.0,5.0,0.6,0.8,1064.1244027879063,4383.620659261584,13.956541683349931,0.0,5468.084945948457,13.956541683349931
Config1,2.4,4.0,5.0,0.6,0.9,1954.3091792288146,4386.196248434244,1770.3082441044737,0.0,6362.646179107256,1770.3082441044737
Config1,2.4,4.0,5.0,0.8,0.6,2.6523557526154318,429.47933279945187,0.5460403442600287,0.10212494733430613,432.263480021228,0.6567965837959042
Config1,2.4,4.0,5.0,0.8,0.8,3286.1847610379477,2206.1408194212336,11.290617188424898,0.0,5516.435010181458,11.290617188424898
Config1,2.4,4.0,5.0,0.8,0.9,4184.964798704744,2173.1152732003347,1729.3641979453123,0.0,6370.175849865485,1729.3641979453123
Config1,2.4,4.0,6.0,0.4,0.6,0.31567549320147187,13.36639937260583,0.06043186742609745,0.8207077902910208,13.683642361434215,0.8851734655814703
Config1,2.4,4.0,6.0,0.4,0.8,1.305410577857749,3959.353038457991,0.864388839590385,0.7051549559412377,3960.683156972543,1.6239543663796678
Config1,2.4,4.0,6.0,0.4,0.9,13.680158725582498,5398.774314283416,987.3888994781208,0.020139684720004828,5414.12025738326,987.4132192828414
Config1,2.4,4.0,6.0,0.6,0.6,0.6004526173230466,5.7580483425539155,0.15347902006785763,0.2866440404881392,6.367984184066737,0.44293154662828066
Config1,2.4,4.0,6.0,0.6,0.8,55.43014337426554,3559.704089148175,9.837867315674492,0.001537785205819537,3630.9641761923763,9.844625685499034
Config1,2.4,4.0,6.0,0.6,0.9,897.0627811697893,3658.2855533413394,1678.4866292224856,0.0,4572.684633083396,1678.4866292224856
Config1,2.4,4.0,6.0,0.8,0.6,1.1149302524274263,2.454986050381483,0.3134372723689682,0.06763246861777016,3.5856518895217238,0.38365617849452976
Config1,2.4,4.0,6.0,0.8,0.8,1817.356938417164,1823.4195493154746,11.345695909664395,0.0,3659.486271304665,11.345695909664395
Config1,2.4,4.0,6.0,0.8,0.9,2740.5544385166527,1818.4112889420514,1768.8338447182662,0.0,4580.580587469068,1768.8338447182662
Config1,3.0,2.0,4.0,0.4,0.6,0.6340349733124797,3819.0349822130493,0.3075172666799333,0.05386576729668331,3819.6751392454958,0.36377912441587895
Config1,3.0,2.0,4.0,0.4,0.8,3.4392149007900517,7652.030962692384,706.6325105746749,0.01331034528801317,7655.56052364652,706.646712100416
Config1,3.0,2.0,4.0,0.4,0.9,3.465034796839362,7948.3819990136035,3092.8807495303845,0.016180724463585743,7951.944315186051,3092.8988735250027
Config1,3.0,2.0,4.0,0.6,0.6,1.9176263148222688,3269.3103225927657,1.0864594126422091,0.01879075854265813,3271.2717491433027,1.107325464053616
Config1,3.0,2.0,4.0,0.6,0.8,13.844890223226624,5363.920694763425,2895.9223465961513,0.0023999579162334826,5379.3370089934015,2895.9252526210585
Config1,3.0,2.0,4.0,0.6,0.9,14.101210472459682,5416.54736664727,5557.493836033573,0.0032271821173576734,5433.4347037988955,5557.497802573947
Config1,3.0,2.0,4.0,0.8,0.6,71.20208450139776,2622.571450487966,4.780081650404317,0.00012133673800710805,2709.305251790889,4.780630156709984
Config1,3.0,2.0,4.0,0.8,0.8,1744.6648599582718,2725.4709100097502,3632.9748651638383,0.0,4498.930087856979,3632.9748651638383
Config1,3.0,2.0,4.0,0.8,0.9,1842.1194391474564,2713.7560336417423,6332.477407094557,0.0,4572.761707915967,6332.477407094557
Config1,3.0,2.0,5.0,0.4,0.6,0.4306457406337189,1311.9274574512583,0.17332844260377797,0.07643376433524565,1312.3652241917925,0.25252590933797026
Config1,3.0,2.0,5.0,0.4,0.8,2.2594371058913656,5657.376074012733,15.643210561721318,0.02210777965288176,5659.682097832251,15.668007579981772
Config1,3.0,2.0,5.0,0.4,0.9,2.5781804257800336,6191.00746015238,2103.045930070779,0.022201707505627822,6193.635741849629,2103.0694244750352
Config1,3.0,2.0,5.0,0.6,0.6,0.9410652998596839,833.7158772512054,0.5185358971650421,0.037379330913606255,834.6741608419661,0.5575413597141129
Config1,3.0,2.0,5.0,0.6,0.8,4.885231531557441,3936.5203908885987,1569.0910788390934,0.008745188558772125,3941.665715128418,1569.1005519374187
Config1,3.0,2.0,5.0,0.6,0.9,4.896407714846296,4180.741817127495,4080.6029573245114,0.011139289384973126,4185.861730650451,4080.6149224722117
Config1,3.0,2.0,5.0,0.8,0.6,2.520190070622512,383.0580356440216,1.379921995068606,0.013983209698002255,385.6408986995924,1.3957502327169504
Config1,3.0,2.0,5.0,0.8,0.8,29.064013238537072,2099.2931263908804,3308.404222402116,0.0010318580736888147,2132.4208958394197,3308.405537916059
Config1,3.0,2.0,5.0,0.8,0.9,25.160996993072764,2150.4621436729103,6035.198663449437,0.0010199764294146671,2184.96086115699,6035.200573534138
Config1,3.0,2.0,6.0,0.4,0.6,0.31051225519854825,11.451325341182022,0.10986982813796323,0.07744921736830068,11.766393515779992,0.1893754411622943
Config1,3.0,2.0,6.0,0.4,0.8,1.189104864978469,3983.8595767516726,2.5388280860302226,0.055381895942544244,3985.077738167817,2.600034536765287
Config1,3.0,2.0,6.0,0.4,0.9,2.152884630203691,5048.330612416484,1463.0856781942784,0.028873892256976234,5050.531634490413,1463.1157102792142
Config1,3.0,2.0,6.0,0.6,0.6,0.5798452339448738,5.847511603835549,0.3009495543033896,0.035370154133047865,6.434298093000026,0.338198792578044
Config1,3.0,2.0,6.0,0.6,0.8,3.38408646552954,3037.734980814471,688.4068648531484,0.013264490814584315,3041.2515787282227,688.4214014001275
Config1,3.0,2.0,6.0,0.6,0.9,3.382618382544992,3353.956845013421,3099.105216282682,0.016957849904569052,3357.4550631534134,3099.1231493192995
Config1,3.0,2.0,6.0,0.8,0.6,1.1166118729377124,2.5372269716772884,0.7247744945246456,0.010105776988366472,3.6614858682379983,0.7356879107123295
Config1,3.0,2.0,6.0,0.8,0.8,7.0637822661088165,1532.999329289048,2176.9642548276775,0.006082007089663695,1540.493591351918,2176.9712813236615
Config1,3.0,2.0,6.0,0.8,0.9,6.67181386767171,1669.113907556474,4769.651927740919,0.007210685375592623,1676.4593773972204,4769.659895922978
Config1,3.0,3.0,4.0,0.4,0.6,0.6406930526534707,3845.1312482504477,0.31347180130275887,0.18813119353212085,3845.778591919486,0.5122436426513068
Config1,3.0,3.0,4.0,0.4,0.8,3.354931814896717,7612.7886537541945,716.7736787528834,0.038231275657421744,7616.208939565598,716.8155446076619
Config1,3.0,3.0,4.0,0.4,0.9,3.419738373461515,7891.644390110642,3100.659592952457,0.049665267433033844,7895.197169304729,3100.712201833867
Config1,3.0,3.0,4.0,0.6,0.6,1.8644118715775035,3246.4580801754614,1.09892467644374,0.05858511510474221,3248.373620695456,1.1625826381469009
Config1,3.0,3.0,4.0,0.6,0.8,13.56030027132348,5336.315899708354,2908.292092893216,0.006970246496161004,5351.620241471829,2908.3001106079264
Config1,3.0,3.0,4.0,0.6,0.9,12.844790577051473,5387.358611518276,5568.909666874839,0.009076293135917785,5402.439001613657,5568.921755024104
Config1,3.0,3.0,4.0,0.8,0.6,76.93262148389236,2631.0707495445427,5.011389668700618,-3.261112511492557e-05,2722.1618152443166,5.012756571557942
Config1,3.0,3.0,4.0,0.8,0.8,1803.1989960469296,2727.917867136834,3561.95983011906,0.0,4560.623461183244,3561.95983011906
Config1,3.0,3.0,4.0,0.8,0.9,1842.9362969484937,2721.2315705054007,6333.55722014942,0.0,4582.541741271977,6333.55722014942
Config1,3.0,3.0,5.0,0.4,0.6,0.4297504737153469,1277.2019199929828,0.17098450187210004,0.28614635509754194,1277.6406632426356,0.46557125368500185
Config1,3.0,3.0,5.0,0.4,0.8,2.2701005956741818,5657.0083681161095,17.777483137524072,0.06681430049886056,5659.3657435682035,17.85722007267698
Config1,3.0,3.0,5.0,0.4,0.9,2.5271844418174965,6210.649641701153,2114.6410328081993,0.07235927738022002,6213.248127568208,2114.719476457462
Config1,3.0,3.0,5.0,0.6,0.6,0.9431676709458546,821.6359387448007,0.5048745067474765,0.12369141194000398,822.5898345305386,0.6354736467927358
Config1,3.0,3.0,5.0,0.6,0.8,4.761424949131127,3972.5450443829027,1560.3487996393874,0.02535370711480439,3977.6580718288637,1560.376675707682
Config1,3.0,3.0,5.0,0.6,0.9,5.058290370947266,4167.734130824908,4058.8793259361223,0.031448697518831656,4173.18813091744,4058.91425889019
Config1,3.0,3.0,5.0,0.8,0.6,2.520817983328203,400.6023689208777,1.3735834807405156,0.043715699040183284,403.2211684810002,1.4212992744101889
Config1,3.0,3.0,5.0,0.8,0.8,27.15728337070051,2107.019011000701,3306.1086269909324,0.0027759679817347923,2141.700352540674,3306.112648800566
Config1,3.0,3.0,5.0,0.8,0.9,20.590943579300745,2137.0852553381237,5993.252706891611,0.0038143007593673325,2168.044482627135,5993.25775421933
Config1,3.0,3.0,6.0,0.4,0.6,0.31046546295796856,12.033424662829228,0.1071782615374159,0.28802106311932674,12.347145026833456,0.3994189978860528
Config1,3.0,3.0,6.0,0.4,0.8,1.1764065346872032,3957.1952458807677,2.549806435400444,0.21982464343416924,3958.4051821186717,2.8006296891722497
Config1,3.0,3.0,6.0,0.4,0.9,2.166289079599759,5024.794013436856,1472.2052600458617,0.08828973761711469,5027.001476979152,1472.2988519847256
Config1,3.0,3.0,6.0,0.6,0.6,0.5787609909370228,5.090132685350732,0.30389908857142156,0.11244299138066259,5.673386793245646,0.4191079461516772
Config1,3.0,3.0,6.0,0.6,0.8,3.424805517679093,3054.711609354486,673.6129039460149,0.038035813361979434,3058.201700981239,673.653017715321
Config1,3.0,3.0,6.0,0.6,0.9,3.3968250902411166,3348.2500357393033,3082.912454486622,0.04945223059996672,3351.690342164432,3082.9654433883716
Config1,3.0,3.0,6.0,0.8,0.6,1.1060548049933308,2.507641544508918,0.6946556735430354,0.029030223172341725,3.630426142465243,0.7264430202436676
Config1,3.0,3.0,6.0,0.8,0.8,6.863812427604487,1519.9553006925494,2157.408776628183,0.0164435668095103,1527.186735802461,2157.4259494850517
Config1,3.0,3.0,6.0,0.8,0.9,6.705377936081182,1671.6471488130758,4743.964351696859,0.021991271840493664,1678.7406878801637,4743.989430420678
Config1,3.0,4.0,4.0,0.4,0.6,0.6354930506840235,3818.255183982699,0.3082065943382577,0.48212590041194253,3818.9000542215513,0.8038517281554618
Config1,3.0,4.0,4.0,0.4,0.8,3.370242877862913,7632.364887047948,730.116810522231,0.07546300237521905,7635.824208858248,730.1956462509991
Config1,3.0,4.0,4.0,0.4,0.9,3.3451711739532928,7897.353208248175,3106.894869414393,0.10957275525228442,7900.817685158057,3107.0123266465375
Config1,3.0,4.0,4.0,0.6,0.6,1.9132546521959914,3253.6181435565954,1.150703489474059,0.13452743003297943,3255.5790421884312,1.2954274896928075
Config1,3.0,4.0,4.0,0.6,0.8,14.820472065068216,5341.8978091503195,2900.782238445512,0.014361311076137808,5360.3088186162695,2900.7995172472756
Config1,3.0,4.0,4.0,0.6,0.9,13.344908793485535,5423.153954086481,5550.308692198163,0.01999121079608408,5438.469524190359,5550.333979548487
Config1,3.0,4.0,4.0,0.8,0.6,63.73450953069626,2630.9903760805687,4.660612770306552,0.0016018224824900327,2702.7121971998045,4.6644340202679375
Config1,3.0,4.0,4.0,0.8,0.8,1772.8573688587865,2726.3936025698226,3608.078983900063,0.0,4528.318120013753,3608.078983900063
Config1,3.0,4.0,4.0,0.8,0.9,1829.908503477503,2725.895758996085,6303.601556106541,0.0,4578.765703132296,6303.601556106541
Config1,3.0,4.0,5.0,0.4,0.6,0.43300774771908873,1225.262868087741,0.17431763218885651,0.7723957465243594,1225.7013864711412,0.9577951493329531
Config1,3.0,4.0,5.0,0.4,0.8,2.191959278578774,5656.398758509927,15.806972648166944,0.17031443354268255,5658.688166089579,16.019272084130144
Config1,3.0,4.0,5.0,0.4,0.9,2.496635204809703,6219.383444147178,2079.815650133395,0.15480022207934926,6221.937136289797,2079.9820148727663
Config1,3.0,4.0,5.0,0.6,0.6,0.9588193204729414,881.1192715180571,0.5392977189608212,0.3050226472245152,882.0882603141774,0.8577021655351432
Config1,3.0,4.0,5.0,0.6,0.8,4.97493998531563,3974.4738364198947,1574.7773572849508,0.04749616639741915,3979.6823740124482,1574.8267386881985
Config1,3.0,4.0,5.0,0.6,0.9,4.860688626022622,4142.742458497772,4088.299636819036,0.06569757927347704,4147.862858337963,4088.368761521095
Config1,3.0,4.0,5.0,0.8,0.6,2.5253295019312687,444.3921996795465,1.49211752786588,0.09302831612982398,446.9784901895387,1.6003514988432417
Config1,3.0,4.0,5.0,0.8,0.8,23.785522453999945,2116.4206637195266,3294.811988419705,0.004435518623715442,2143.5096886377037,3294.817818758606
Config1,3.0,4.0,5.0,0.8,0.9,26.329319016545625,2153.3617518463234,6057.295414792573,0.006956707482571095,2186.2799126246105,6057.305308784389
Config1,3.0,4.0,6.0,0.4,0.6,0.314720127158425,11.57660413984213,0.11018955015477605,0.7936094562715446,11.894334124768607,0.9099456206232979
Config1,3.0,4.0,6.0,0.4,0.8,1.2088901060256931,3983.6083737266586,2.6691874661093524,0.6251191885187818,3984.8600431525206,3.356163115561194
Config1,3.0,4.0,6.0,0.4,0.9,2.173519291218341,5031.823560768722,1432.4428091364962,0.18170239513310257,5034.047225289568,1432.6356834245044
Config1,3.0,4.0,6.0,0.6,0.6,0.5910279746182729,5.599142933396861,0.30191316697113185,0.2826773554241043,6.199447923886465,0.5902969154337919
Config1,3.0,4.0,6.0,0.6,0.8,3.3727885700352527,3072.4204771249133,724.3237117611322,0.07813860272772834,3075.899927469724,724.4059778614053
Config1,3.0,4.0,6.0,0.6,0.9,3.4543857940414395,3378.6338762777305,3098.280469863956,0.11150851829251861,3382.2048557773455,3098.3945198619763
Config1,3.0,4.0,6.0,0.8,0.6,1.0651423543589336,2.262534482098366,0.6936159646515542,0.057985370921233785,3.334285157533625,0.7565753058683037
Config1,3.0,4.0,6.0,0.8,0.8,6.934467730509777,1532.0760705637324,2166.0552178288235,0.03318970864546926,1539.5813739937194,2166.0913647416146
Config1,3.0,4.0,6.0,0.8,0.9,7.075628081665634,1665.371800436304,4746.872077368881,0.040991018292158454,1673.058991145642,4746.918930194802
Config1,3.5,2.0,4.0,0.4,0.6,0.6319975629399877,3830.4125039618293,0.5015297767645743,0.05024191615362562,3831.055866323812,0.5543125885103409
Config1,3.5,2.0,4.0,0.4,0.8,1.850723798483984,7192.6930498734,1236.0644234673493,0.025845448249749964,7194.579292723379,1236.0916937354657
Config1,3.5,2.0,4.0,0.4,0.9,1.8347801656982614,7685.490130101161,3359.5733352071807,0.03462049426856539,7687.377501956622,3359.6095739007496
Config1,3.5,2.0,4.0,0.6,0.6,1.7964592167618074,3304.9344329401047,2.432976649233618,0.01718345662260063,3306.750868279698,2.451579743774925
Config1,3.5,2.0,4.0,0.6,0.8,3.624606016789011,4951.431834627476,3433.4321264024147,0.011904079043853981,4955.1730509824265,3433.444852289777
Config1,3.5,2.0,4.0,0.6,0.9,3.567515735708647,5209.709965670941,5846.931701324227,0.016073700566295198,5213.407673740784,5846.94894444688
Config1,3.5,2.0,4.0,0.8,0.6,16.191457261851042,2460.499190173217,286.6030104025306,0.0009804778625229634,2480.8484945380687,286.60439387522536
Config1,3.5,2.0,4.0,0.8,0.8,15.487159207356957,2613.3754023216966,5639.085748506182,0.002169333826494362,2630.9793797945867,5639.088425720553
Config1,3.5,2.0,4.0,0.8,0.9,14.029279978818291,2653.539387962655,8326.179653099014,0.002804976763243607,2670.107620453148,8326.183147149995
Config1,3.5,2.0,5.0,0.4,0.6,0.4223967359139608,1288.0700993591986,0.2617120134718147,0.07286593308313678,1288.5010573267562,0.3390922028460724
Config1,3.5,2.0,5.0,0.4,0.8,1.5037915293861663,5362.817878624144,346.13561004319183,0.03273868442586715,5364.348883828437,346.17044255963475
Config1,3.5,2.0,5.0,0.4,0.9,1.5161727967418204,5998.575209421763,2361.335080937091,0.04565268762668827,6000.114611785703,2361.3820150919473
Config1,3.5,2.0,5.0,0.6,0.6,0.9206829748643448,868.4408501605824,0.9192828322076628,0.0361334395986124,869.3802672216507,0.9568229600677666
Config1,3.5,2.0,5.0,0.6,0.8,2.330253413827627,3518.443638323154,2136.411444642113,0.02109049205361016,3520.836988970875,2136.4338273593526
Config1,3.5,2.0,5.0,0.6,0.9,2.339530097629876,3964.643723108714,4320.047764113467,0.026609215807934496,3967.0344626227957,4320.075924857115
Config1,3.5,2.0,5.0,0.8,0.6,2.3407913445722124,434.7441165426913,3.8132568955269215,0.012839780217773406,437.138612898188,3.827087300487884
Config1,3.5,2.0,5.0,0.8,0.8,4.2722673084193925,1696.2406515240366,3843.754544000625,0.009883729187164476,1700.6670729103773,3843.765253436166
Config1,3.5,2.0,5.0,0.8,0.9,4.2042225527875665,1948.339427913046,6310.425351072344,0.012415370157271368,1952.712982631946,6310.438750193116
Config1,3.5,2.0,6.0,0.4,0.6,0.3129284142965184,13.830953940124328,0.1607577179068427,0.07764610727081979,14.146140563030654,0.24207220169889068
Config1,3.5,2.0,6.0,0.4,0.8,1.1615337535969577,3988.6710787556667,10.880444306565511,0.0470356662502484,3989.865194977409,10.93291461470184
Config1,3.5,2.0,6.0,0.4,0.9,1.3450368312805536,4838.390245515085,1714.4295070785947,0.05023775332768648,4839.755380406413,1714.4820824894387
Config1,3.5,2.0,6.0,0.6,0.6,0.5820562717868046,5.77805510418025,0.5083944029519305,0.03321740963950717,6.368239166885994,0.5427840183353401
Config1,3.5,2.0,6.0,0.6,0.8,1.8262979358939408,2643.2529542703915,1223.8113358450628,0.02651227846074032,2645.118214020585,1223.838574052597
Config1,3.5,2.0,6.0,0.6,0.9,1.82971732311715,3144.868306143986,3381.4286975820046,0.036273250577202695,3146.7485489156857,3381.4674558957286
Config1,3.5,2.0,6.0,0.8,0.6,1.0557369911239312,2.3159486103224225,1.2921783373339841,0.010103650706715357,3.3856706373319763,1.30284527580264
Config1,3.5,2.0,6.0,0.8,0.8,2.752217583456826,1103.4685471088326,2692.9869291421146,0.016885284144685122,1106.2956057774154,2693.0046403607607
Config1,3.5,2.0,6.0,0.8,0.9,2.765877266385875,1481.2367383371231,4988.840073662646,0.022064529215344998,1484.0645115099962,4988.864253092355
Config1,3.5,3.0,4.0,0.4,0.6,0.617119769953279,3799.9070453857303,0.4885910796509633,0.1823216403130899,3800.533372382756,0.6833551852532255
Config1,3.5,3.0,4.0,0.4,0.8,1.864406476631958,7222.31412274739,1243.0416293050648,0.08285501882655844,7224.202652807702,1243.1272584458943
Config1,3.5,3.0,4.0,0.4,0.9,1.827219012343507,7706.3305436015535,3381.3800664360356,0.10874336153279696,7708.18373712839,3381.4930305602584
Config1,3.5,3.0,4.0,0.6,0.6,1.8184190948886176,3261.596925750512,2.5367395906071866,0.05330156855085614,3263.462338858852,2.5974707137499506
Config1,3.5,3.0,4.0,0.6,0.8,3.53477820963214,4922.5229528139325,3439.788066603548,0.03698571461216166,4926.13611166722,3439.8269723056374
Config1,3.5,3.0,4.0,0.6,0.9,3.6554028984139095,5195.071008813908,5828.495450765149,0.04728346364819536,5198.831734003717,5828.546051385039
Config1,3.5,3.0,4.0,0.8,0.6,14.717503844584112,2430.708876463821,284.20160445652016,0.003620916164995637,2446.65495260991,284.20600337701427
Config1,3.5,3.0,4.0,0.8,0.8,14.72944430655927,2614.246125823984,5641.019492176624,0.00534267910613362,2633.6443943851955,5641.026049391882
Config1,3.5,3.0,4.0,0.8,0.9,15.11708936130901,2668.2402612094447,8303.177262577368,0.0077119980494243096,2685.23995305692,8303.18601682854
Config1,3.5,3.0,5.0,0.4,0.6,0.4291140262318387,1303.7689855626866,0.2610788502734811,0.268970833000843,1304.2064418127832,0.5377973384258414
Config1,3.5,3.0,5.0,0.4,0.8,1.5083018898477116,5351.040455419679,370.5561918505616,0.10076131306768331,5352.574957907313,370.66359327860675
Config1,3.5,3.0,5.0,0.4,0.9,1.507207604719456,5971.114081016651,2357.299171408191,0.141496514139542,5972.6365332332225,2357.4455544579014
Config1,3.5,3.0,5.0,0.6,0.6,0.929050354372701,825.3791437709683,0.9474021054906128,0.12350642225267575,826.31620879146,1.0759576399554176
Config1,3.5,3.0,5.0,0.6,0.8,2.316327223583797,3538.5315377741967,2103.0466732954455,0.06001797719447277,3540.918511522017,2103.1111326023893
Config1,3.5,3.0,5.0,0.6,0.9,2.3389274965345095,3971.106521743809,4352.188896473365,0.08216012098510884,3973.492398800909,4352.275885838334
Config1,3.5,3.0,5.0,0.8,0.6,2.384537638154951,438.174238453296,3.7735119992298536,0.038370542105539564,440.6512979275111,3.814976833123754
Config1,3.5,3.0,5.0,0.8,0.8,4.234296258608869,1705.2743757896344,3849.546156080546,0.029882449504182635,1709.8107948719667,3849.57745955256
Config1,3.5,3.0,5.0,0.8,0.9,4.191670974163698,1945.2148767757008,6326.209154242828,0.036465760276944224,1949.501406603159,6326.248141024958
Config1,3.5,3.0,6.0,0.4,0.6,0.3106272315382351,12.117556448926127,0.16762096017712724,0.2886716980976012,12.430598104671601,0.4603138423786431
Config1,3.5,3.0,6.0,0.4,0.8,1.1684129637474714,4011.968812513711,11.701651796120942,0.16192781279859184,4013.1598139868024,11.881953043965206
Config1,3.5,3.0,6.0,0.4,0.9,1.3540212081556298,4824.614904155315,1722.4918453590267,0.16621551760317202,4825.991068561585,1722.6632451083615
Config1,3.5,3.0,6.0,0.6,0.6,0.5828139335267684,6.144058965474432,0.5058037340627297,0.11287992141152739,6.7302729571989754,0.6248776397111339
Config1,3.5,3.0,6.0,0.6,0.8,1.8467546286596193,2636.240388375359,1246.5213302560617,0.07694067445151098,2638.113336732099,1246.6022156243
Config1,3.5,3.0,6.0,0.6,0.9,1.835132571498429,3134.8866733169752,3359.250931640599,0.11364921322419957,3136.754547421016,3359.371613191037
Config1,3.5,3.0,6.0,0.8,0.6,1.0616377838442916,2.2382776018430626,1.3674903114904418,0.027181961515714066,3.3101380473236137,1.396974271201156
Config1,3.5,3.0,6.0,0.8,0.8,2.7870543068835754,1099.1252644177453,2661.749321877662,0.04676489817562463,1101.9803253735063,2661.801052623265
Config1,3.5,3.0,6.0,0.8,0.9,2.6967876114707576,1456.3633229962845,5002.383920707003,0.06685404656051452,1459.1638953915667,5002.45440407409
Config1,3.5,4.0,4.0,0.4,0.6,0.6351321041046946,3785.423156531008,0.517685356105693,0.483264970062842,3786.067683463265,1.0239261350268982
Config1,3.5,4.0,4.0,0.4,0.8,1.8452886038750949,7192.966987573964,1240.014536951585,0.16896314344990448,7194.837437432783,1240.1890510067078
Config1,3.5,4.0,4.0,0.4,0.9,1.847925000043249,7731.250026097167,3370.6878661331825,0.2435018374549775,7733.129245117781,3370.9502445087123
Config1,3.5,4.0,4.0,0.6,0.6,1.825764446374775,3285.5187334597085,2.6075263591566094,0.11572964495410373,3287.3864876562734,2.737997767086863
Config1,3.5,4.0,4.0,0.6,0.8,3.6106970010291604,4928.18014332439,3454.5970048657878,0.07351110041080297,4931.935649747259,3454.6753762775566
Config1,3.5,4.0,4.0,0.6,0.9,3.521446493085531,5177.9189118853965,5864.779030988921,0.10330413355200413,5181.671881488437,5864.891936581439
Config1,3.5,4.0,4.0,0.8,0.6,15.640692450914782,2437.932309055571,287.4480752894227,0.006391570839505144,2456.252995103766,287.4556718109505
Config1,3.5,4.0,4.0,0.8,0.8,15.29964281489456,2595.2055187244073,5605.616299304362,0.011541159264851983,2612.5622674966125,5605.630307337736
Config1,3.5,4.0,4.0,0.8,0.9,15.927892836870829,2669.673183599229,8284.609568306521,0.014586182508603465,2688.185465129145,8284.62736215837
Config1,3.5,4.0,5.0,0.4,0.6,0.4281813671247295,1253.0899924695716,0.2625260718582667,0.7507900579422245,1253.5212013367498,1.0266090491042204
Config1,3.5,4.0,5.0,0.4,0.8,1.5315034797540905,5342.367626900837,367.80610784531956,0.22238714497941925,5343.916669070974,368.0399438725965
Config1,3.5,4.0,5.0,0.4,0.9,1.516601973360463,5974.327227942958,2344.571921456762,0.3255204849475145,5975.877472032201,2344.911678406381
Config1,3.5,4.0,5.0,0.6,0.6,0.9488868256789915,808.2051222031303,0.9724117031683546,0.2884862331423861,809.1615769445391,1.2829776861957485
Config1,3.5,4.0,5.0,0.6,0.8,2.3121523641964368,3548.7452376615115,2101.096237223196,0.12813626404986814,3551.090443116568,2101.2317667031148
Config1,3.5,4.0,5.0,0.6,0.9,2.369632110795191,3946.0908594906673,4346.400195447333,0.17626744593839846,3948.5237485717844,4346.584136924504
Config1,3.5,4.0,5.0,0.8,0.6,2.3734187602756016,401.53196993030576,3.8263240943566337,0.08136135552830244,403.96352801262145,3.91863949249452
Config1,3.5,4.0,5.0,0.8,0.8,4.14881564049332,1705.864878799344,3865.536101312521,0.05910643619855769,1710.2733469295108,3865.5986756162647
Config1,3.5,4.0,5.0,0.8,0.9,4.190447675079121,1938.2555918536946,6356.334700670858,0.08093209065227455,1942.5225672258669,6356.422140513591
Config1,3.5,4.0,6.0,0.4,0.6,0.31174674941991815,12.576687350296687,0.1597066145676312,0.7770690286563934,12.890780843773339,0.9445390818727583
Config1,3.5,4.0,6.0,0.4,0.8,1.1811043194396595,3990.6709280084206,9.985156117640408,0.37701869110761677,3991.89135266348,10.437880963692589
Config1,3.5,4.0,6.0,0.4,0.9,1.3420073753159294,4835.554919716747,1698.4519142238087,0.38329881162992546,4836.9194694641465,1698.8495627191826
Config1,3.5,4.0,6.0,0.6,0.6,0.5756953900509018,5.203385182702926,0.505069978572786,0.26102906726384933,5.783014730968816,0.7765732304038903
Config1,3.5,4.0,6.0,0.6,0.8,1.8354061524271088,2639.259726624101,1242.392676997638,0.16777067271775992,2641.1302884455613,1242.5674705951692
Config1,3.5,4.0,6.0,0.6,0.9,1.8228819599527732,3150.066043797267,3338.314689680822,0.24661666625872414,3151.917254663168,3338.5692987106336
Config1,3.5,4.0,6.0,0.8,0.6,1.1017540372084567,2.450265460013024,1.4742728444826325,0.062195917777442815,3.564085089775039,1.5400925250777993
Config1,3.5,4.0,6.0,0.8,0.8,2.733842922745005,1077.3312185047414,2694.2440509393696,0.10241673543382224,1080.1380127471461,2694.353137423853
Config1,3.5,4.0,6.0,0.8,0.9,2.783381444847091,1478.9905589467935,4996.47938984879,0.135966331107885,1481.8419076097782,4996.624474302792
Config2,2.4,2.0,4.0,0.4,0.6,2.020444376368178,6419.606550138138,0.10998041832623698,0.010632595625108111,6421.727637260527,0.12155613927388623
Config2,2.4,2.0,4.0,0.4,0.8,1815.4929186305483,8222.05995183858,0.5040517932803344,0.0,10054.637820683842,0.5040517932803344
Config2,2.4,2.0,4.0,0.4,0.9,3669.386708433553,8217.337581869207,0.7813649837428882,0.0,11905.855244737904,0.7813649837428882
Config2,2.4,2.0,4.0,0.6,0.6,877.1137895999,5458.616376029135,0.19981181572499815,0.0,6365.555780438549,0.19981181572499815
Config2,2.4,2.0,4.0,0.6,0.8,4541.448298322962,5463.43419455421,0.5051012346967687,0.0,10040.988259920705,0.5051012346967687
Config2,2.4,2.0,4.0,0.6,0.9,6401.981731265268,5466.196385327297,0.7775409893320893,0.0,11893.875141426806,0.7775409893320893
Config2,2.4,2.0,4.0,0.8,0.6,3602.8239246341377,2717.5577034660887,0.2020127607107435,0.0,6345.1623580815585,0.2020127607107435
Config2,2.4,2.0,4.0,0.8,0.8,7286.992668557003,2719.543252806164,0.5069409073000368,0.0,10022.408914905267,0.5069409073000368
Config2,2.4,2.0,4.0,0.8,0.9,9139.96310686164,2732.405924324946,0.7767919812911603,0.0,11887.707449159341,0.7767919812911603
Config2,2.4,2.0,5.0,0.4,0.6,0.8925429388724545,3645.773916726892,0.0642532885324724,0.022516292582888224,3646.6868154961608,0.08844179190347623
Config2,2.4,2.0,5.0,0.4,0.8,733.28207664546,6560.159736450134,0.4975161500222956,0.0,7309.892955005031,0.4975161500222956
Config2,2.4,2.0,5.0,0.4,0.9,2566.719576577412,6596.188389528318,0.7895960640755404,0.0,9179.30031100468,0.7895960640755404
Config2,2.4,2.0,5.0,0.6,0.6,5.9904103489844704,3606.565482299912,0.15666125898611952,0.0035043358897048783,3613.439138416802,0.16101688861234528
Config2,2.4,2.0,5.0,0.6,0.8,2916.5404589463265,4394.157813082946,0.5033912700626343,0.0,7335.813151516333,0.5033912700626343
Config2,2.4,2.0,5.0,0.6,0.9,4765.827771531446,4410.868030124665,0.7919007124395218,0.0,9188.527539976405,0.7919007124395218
Config2,2.4,2.0,5.0,0.8,0.6,1444.7976802599003,2182.8801731102144,0.20549990842056498,0.0,3649.37828148283,0.20549990842056498
Config2,2.4,2.0,5.0,0.8,0.8,5106.220410525456,2181.0070076909005,0.4995174533687834,0.0,7313.966137935447,0.4995174533687834
Config2,2.4,2.0,5.0,0.8,0.9,6962.502314817664,2179.787415737801,0.7922037278338887,0.0,9151.031020965942,0.7922037278338887
Config2,2.4,2.0,6.0,0.4,0.6,0.5875284147528997,1849.643947135905,0.04600378128124528,0.030876326715920593,1850.2456705061045,0.07855068577845631
Config2,2.4,2.0,6.0,0.4,0.8,51.319973400870744,5407.977862848223,0.489259225256803,0.00013953815907589512,5470.586454623616,0.48997184604123334
Config2,2.4,2.0,6.0,0.4,0.9,1830.4040013191516,5474.243096200364,0.8145314550802408,0.0,7322.2467619941835,0.8145314550802408
Config2,2.4,2.0,6.0,0.6,0.6,1.9425200657266002,1798.159930345164,0.1083760299142544,0.011777294441057587,1800.174500157334,0.12132947144628828
Config2,2.4,2.0,6.0,0.6,0.8,1826.3353044634466,3648.439468420702,0.4992115208213785,0.0,5489.156052757326,0.4992115208213785
Config2,2.4,2.0,6.0,0.6,0.9,3660.927909930634,3653.053315751524,0.8082814056237193,0.0,7331.287107820502,0.8082814056237193
Config2,2.4,2.0,6.0,0.8,0.6,70.92008692173455,1731.2783100672277,0.19831401416456765,-0.00021449138428096765,1824.9421992402897,0.19911522363950757
Config2,2.4,2.0,6.0,0.8,0.8,3654.7155506422605,1814.3745408690818,0.49534605725163317,0.0,5482.290207545504,0.49534605725163317
Config2,2.4,2.0,6.0,0.8,0.9,5462.978034733075,1819.9781797750595,0.7894220252652479,0.0,7302.478945448923,0.7894220252652479
Config2,2.4,3.0,4.0,0.4,0.6,1.9831845740371727,6368.718661926256,0.10546451110297562,0.03773953828413006,6370.821862692287,0.14724440773814518
Config2,2.4,3.0,4.0,0.4,0.8,1800.3232810126917,8211.651520136702,0.4998083454159399,0.0,10040.54475218609,0.4998083454159399
Config2,2.4,3.0,4.0,0.4,0.9,3667.820437717491,8213.67882545901,0.7802049170351932,0.0,11902.175916899927,0.7802049170351932
Config2,2.4,3.0,4.0,0.6,0.6,888.059622436464,5449.76235483713,0.201971088818839,0.0,6366.363754834076,0.201971088818839
Config2,2.4,3.0,4.0,0.6,0.8,4547.566659735616,5470.068785460095,0.5032120827864478,0.0,10050.558743458465,0.5032120827864478
Config2,2.4,3.0,4.0,0.6,0.9,6403.55132933768,5458.746464104308,0.7761040947136311,0.0,11889.840468124585,0.7761040947136311
Config2,2.4,3.0,4.0,0.8,0.6,3600.8504030467034,2717.3088964201156,0.20350820159129504,0.0,6343.55715333016,0.20350820159129504
Config2,2.4,3.0,4.0,0.8,0.8,7290.708772770916,2721.402610996642,0.5065823186198372,0.0,10027.938927316782,0.5065823186198372
Config2,2.4,3.0,4.0,0.8,0.9,9138.396926414212,2726.360452665159,0.7698449173668906,0.0,11882.474099137557,0.7698449173668906
Config2,2.4,3.0,5.0,0.4,0.6,0.8922609924540377,3631.7019371688843,0.062358584766089964,0.07809491619044912,3632.6181291022485,0.14366382762561639
Config2,2.4,3.0,5.0,0.4,0.8,717.5605537358483,6563.233768501722,0.4896593732194678,0.0,7302.554384996281,0.4896593732194678
Config2,2.4,3.0,5.0,0.4,0.9,2556.0182168917454,6616.573169353236,0.7871732858961925,0.0,9182.719281144631,0.7871732858961925
Config2,2.4,3.0,5.0,0.6,0.6,6.000110708235923,3624.559542233338,0.15861266093744822,0.013223778858716907,3630.8568542661433,0.1731193158494868
Config2,2.4,3.0,5.0,0.6,0.8,2932.941830864758,4384.563227116557,0.5044311703485614,0.0,7340.186927330084,0.5044311703485614
Config2,2.4,3.0,5.0,0.6,0.9,4749.94051766431,4408.28114756258,0.7881850860531331,0.0,9172.256133352616,0.7881850860531331
Config2,2.4,3.0,5.0,0.8,0.6,1456.5465351622026,2184.520198981636,0.20557558721199498,0.0,3662.573018569873,0.20557558721199498
Config2,2.4,3.0,5.0,0.8,0.8,5109.875852174966,2182.2250602861513,0.49623825038609565,0.0,7316.655365123358,0.49623825038609565
Config2,2.4,3.0,5.0,0.8,0.9,6958.094730557145,2185.0619805224314,0.788850845495853,0.0,9152.760966585376,0.788850845495853
Config2,2.4,3.0,6.0,0.4,0.6,0.5872019083271338,1771.6951610875567,0.04571047826888828,0.1147938504583462,1772.3041202789,0.1626339945292359
Config2,2.4,3.0,6.0,0.4,0.8,58.597815721463846,5408.941280693425,0.4976503531937489,-0.012755314589629755,5473.855801848092,0.4986147297758391
Config2,2.4,3.0,6.0,0.4,0.9,1832.515336721584,5460.52879608189,0.803435791628845,0.0,7311.51137260616,0.803435791628845
Config2,2.4,3.0,6.0,0.6,0.6,1.978898459734318,1783.75778624374,0.10707593811357458,0.04292113608483788,1785.819681009507,0.15268871394833516
Config2,2.4,3.0,6.0,0.6,0.8,1827.8769005180495,3651.537047273787,0.49905025178080287,0.0,5497.644523853175,0.49905025178080287
Config2,2.4,3.0,6.0,0.6,0.9,3662.0840018691306,3655.0610026341556,0.8136044654695118,0.0,7333.54442480072,0.8136044654695118
Config2,2.4,3.0,6.0,0.8,0.6,63.48050159701026,1726.6957177903648,0.1966672294853132,-0.00030048861750884117,1805.4231389541717,0.19933245828480592
Config2,2.4,3.0,6.0,0.8,0.8,3673.6812083897416,1813.7658086519768,0.4994770151998434,0.0,5500.744039066279,0.4994770151998434
Config2,2.4,3.0,6.0,0.8,0.9,5453.388974847095,1811.3963244742906,0.7938395569205368,0.0,7281.771567345677,0.7938395569205368
Config2,2.4,4.0,4.0,0.4,0.6,1.954396997215954,6380.171186681652,0.10653116598967928,0.09078417875482453,6382.208336810646,0.2032580164363562
Config2,2.4,4.0,4.0,0.4,0.8,1818.495705017122,8199.55000381504,0.5002720335130015,0.0,10043.503549868792,0.5002720335130015
Config2,2.4,4.0,4.0,0.4,0.9,3670.6036174171672,8209.608768765102,0.7756389507431145,0.0,11904.020687943656,0.7756389507431145
Config2,2.4,4.0,4.0,0.6,0.6,873.8275959121343,5450.849151639904,0.20001517797707508,0.0,6354.074472011509,0.20001517797707508
Config2,2.4,4.0,4.0,0.6,0.8,4550.063638198221,5466.909343066994,0.503223031639761,0.0,10050.350981920215,0.503223031639761
Config2,2.4,4.0,4.0,0.6,0.9,6403.165192213162,5459.395983001004,0.7741636818984067,0.0,11891.522092909383,0.7741636818984067
Config2,2.4,4.0,4.0,0.8,0.6,3607.1779819222998,2716.340879373519,0.20243322564737523,0.0,6345.769314534876,0.20243322564737523
Config2,2.4,4.0,4.0,0.8,0.8,7290.182576135753,2717.978050796694,0.5094416281170513,0.0,10024.05128590656,0.5094416281170513
Config2,2.4,4.0,4.0,0.8,0.9,9142.3779361159,2729.1077094067236,0.7667538963896208,0.0,11886.708971623822,0.7667538963896208
Config2,2.4,4.0,5.0,0.4,0.6,0.8853059842134802,3607.131584709156,0.06555782200063755,0.20362498307408936,3608.044037856882,0.27343976352757016
Config2,2.4,4.0,5.0,0.4,0.8,729.4735771982365,6571.718739349555,0.4873380189620287,0.0,7319.16012117769,0.4873380189620287
Config2,2.4,4.0,5.0,0.4,0.9,2556.283852596945,6588.60205165468,0.7968192093088462,0.0,9159.523204230198,0.7968192093088462
Config2,2.4,4.0,5.0,0.6,0.6,6.077252910604436,3679.887465249376,0.15720043127065703,0.03007757342637231,3686.5372414517487,0.19106083875740937
Config2,2.4,4.0,5.0,0.6,0.8,2912.351340458005,4384.627877326315,0.5031837443053019,0.0,7321.161039742895,0.5031837443053019
Config2,2.4,4.0,5.0,0.6,0.9,4763.724867908223,4394.195103772467,0.7892626836434107,0.0,9176.1292150598,0.7892626836434107
Config2,2.4,4.0,5.0,0.8,0.6,1459.9804384989177,2185.8907542146544,0.20608379914425545,0.0,3664.900740665338,0.20608379914425545
Config2,2.4,4.0,5.0,0.8,0.8,5097.642680084537,2180.35896383319,0.49881970886680216,0.0,7302.58758106253,0.49881970886680216
Config2,2.4,4.0,5.0,0.8,0.9,6957.642088301688,2181.734923820811,0.7915849878305692,0.0,9147.706143717907,0.7915849878305692
Config2,2.4,4.0,6.0,0.4,0.6,0.5834278410105012,1821.9418661422787,0.04596060713921345,0.29378870161880705,1822.5437938826706,0.3421330111605641
Config2,2.4,4.0,6.0,0.4,0.8,57.154504454005576,5415.130697764759,0.4879731541155651,0.0017914241238989811,5483.994373928925,0.5021944096071865
Config2,2.4,4.0,6.0,0.4,0.9,1832.7779489259585,5471.7441921558075,0.8086780665204275,0.0,7321.04866558502,0.8086780665204275
Config2,2.4,4.0,6.0,0.6,0.6,2.0160690710196194,1820.8702238461842,0.10827773772005332,0.09312515673214229,1823.0031975802,0.20561592728865843
Config2,2.4,4.0,6.0,0.6,0.8,1829.9968278083343,3632.7615976973075,0.502705651395163,0.0,5483.646379076898,0.502705651395163
Config2,2.4,4.0,6.0,0.6,0.9,3664.9918310105327,3641.030661423216,0.8119007198057548,0.0,7327.675542557971,0.8119007198057548
Config2,2.4,4.0,6.0,0.8,0.6,66.82823287938139,1726.444327828437,0.19387670029893606,0.0007644231663896045,1807.959237122742,0.19655739317049267
Config2,2.4,4.0,6.0,0.8,0.8,3672.4741296692323,1811.7416499306248,0.5006131692934888,0.0,5497.406382493344,0.5006131692934888
Config2,2.4,4.0,6.0,0.8,0.9,5459.009670262613,1820.8609668785493,0.7951140366478487,0.0,7299.559028841055,0.7951140366478487
Config2,3.0,2.0,4.0,0.4,0.6,1.9206627397369203,6383.401327780488,0.23004578924073651,0.01117050927912465,6385.395418318162,0.24185441344767877
Config2,3.0,2.0,4.0,0.4,0.8,1790.0062471403214,8206.112806325536,1.6271036115933124,0.0,10015.885773444197,1.6271036115933124
Config2,3.0,2.0,4.0,0.4,0.9,3669.8904347164757,8212.626720803466,3.7829752490911814,0.0,11907.298202035305,3.7829752490911814
Config2,3.0,2.0,4.0,0.6,0.6,880.6368011308236,5459.173183153174,0.46568017969039915,0.0,6370.994300908985,0.46568017969039915
Config2,3.0,2.0,4.0,0.6,0.8,4592.066387918982,5488.914051720188,1.6897023262888125,0.0,10104.356237784817,1.6897023262888125
Config2,3.0,2.0,4.0,0.6,0.9,6415.114830159519,5469.685899911902,3.877363510182088,0.0,11908.308910545926,3.877363510182088
Config2,3.0,2.0,4.0,0.8,0.6,3611.7537278750447,2733.529528829944,0.4693299236871678,0.0,6372.470920016699,0.4693299236871678
Config2,3.0,2.0,4.0,0.8,0.8,7335.137356865123,2743.1188670891656,1.6588083024539542,0.0,10098.667105853941,1.6588083024539542
Config2,3.0,2.0,4.0,0.8,0.9,9164.13114986135,2731.4431405074474,4.041168287619911,0.0,11926.554432574987,4.041168287619911
Config2,3.0,2.0,5.0,0.4,0.6,0.8756426079359074,3648.621912952919,0.1299562399329507,0.021519929740738786,3649.5110535366907,0.15378974430954329
Config2,3.0,2.0,5.0,0.4,0.8,727.7705870042242,6555.8486620024905,1.5806945736509048,0.0,7305.972383437627,1.5806945736509048
Config2,3.0,2.0,5.0,0.4,0.9,2552.583802210918,6566.613449437463,3.8754444729271857,0.0,9138.852370806182,3.8754444729271857
Config2,3.0,2.0,5.0,0.6,0.6,5.82611641352957,3609.103527675489,0.3696499490346653,0.003496848209072271,3615.567650362093,0.37372598648364064
Config2,3.0,2.0,5.0,0.6,0.8,2892.257485031176,4364.7456252678185,1.5838642014686888,0.0,7275.518494324065,1.5838642014686888
Config2,3.0,2.0,5.0,0.6,0.9,4744.306057421241,4388.14623213739,3.961328709439734,0.0,9155.055288297845,3.961328709439734
Config2,3.0,2.0,5.0,0.8,0.6,1427.4089251597313,2174.616185775114,0.4802394337471881,0.0,3624.0640059098,0.4802394337471881
Config2,3.0,2.0,5.0,0.8,0.8,5100.4545967609665,2180.697243631881,1.646909505192075,0.0,7297.85413595014,1.646909505192075
Config2,3.0,2.0,5.0,0.8,0.9,6948.071051966665,2185.8446084991524,3.855977621138584,0.0,9144.340531808231,3.855977621138584
Config2,3.0,2.0,6.0,0.4,0.6,0.5834416650815134,1812.1490997122346,0.08971061561977482,0.031216247015177015,1812.7470761746163,0.12209563283027097
Config2,3.0,2.0,6.0,0.4,0.8,44.719958028189495,5413.209341807103,1.4553704373511211,2.248284421846585e-05,5476.190509150136,1.457527277333224
Config2,3.0,2.0,6.0,0.4,0.9,1813.8674778527845,5463.93446553377,3.9880258321083795,0.0,7300.024909940808,3.9880258321083795
Config2,3.0,2.0,6.0,0.6,0.6,1.941920231508534,1802.7578242963493,0.2320522206426757,0.01095852978266578,1804.7787670922912,0.2442562747952593
Config2,3.0,2.0,6.0,0.6,0.8,1824.2016858036827,3652.541989573825,1.5970020331857964,0.0,5496.5132120622775,1.5970020331857964
Config2,3.0,2.0,6.0,0.6,0.9,3644.985095759989,3653.153734971822,3.7575972144787424,0.0,7313.306957417052,3.7575972144787424
Config2,3.0,2.0,6.0,0.8,0.6,66.81345487286805,1720.5148021410273,0.47460950437467797,-0.00012404085527538953,1805.4200526633456,0.47504902239496066
Config2,3.0,2.0,6.0,0.8,0.8,3646.0693456251556,1800.5087570065955,1.5801137721572343,0.0,5473.3686241694695,1.5801137721572343
Config2,3.0,2.0,6.0,0.8,0.9,5463.250616897527,1820.0561109243151,3.9190195229241316,0.0,7302.395122258483,3.9190195229241316
Config2,3.0,3.0,4.0,0.4,0.6,1.871471946632695,6365.4558036605495,0.22264003138965677,0.03987055750858492,6367.397866545493,0.2648659675623063
Config2,3.0,3.0,4.0,0.4,0.8,1793.1584786984045,8204.802495201437,1.625095343396639,0.0,10017.949234366099,1.625095343396639
Config2,3.0,3.0,4.0,0.4,0.9,3667.5468709475226,8214.273516810052,3.7797726746635982,0.0,11904.361996858335,3.7797726746635982
Config2,3.0,3.0,4.0,0.6,0.6,880.42472706891,5478.316040737434,0.47547184920887686,0.0,6392.695976934122,0.47547184920887686
Config2,3.0,3.0,4.0,0.6,0.8,4582.095894584164,5495.104263130851,1.6938187214838296,0.0,10103.216710073002,1.6938187214838296
Config2,3.0,3.0,4.0,0.6,0.9,6412.838640302758,5464.246840683898,3.8796141729503777,0.0,11903.180938945156,3.8796141729503777
Config2,3.0,3.0,4.0,0.8,0.6,3616.41322325839,2735.05662590161,0.47183494189483133,0.0,6379.181413156519,0.47183494189483133
Config2,3.0,3.0,4.0,0.8,0.8,7347.396886897543,2746.766637900349,1.6549457746340634,0.0,10113.217361361416,1.6549457746340634
Config2,3.0,3.0,4.0,0.8,0.9,9164.962101858106,2734.283334371607,4.01103655959358,0.0,11930.345104791104,4.01103655959358
Config2,3.0,3.0,5.0,0.4,0.6,0.8923857657836038,3687.829286149511,0.1356748385725528,0.07593142290244083,3688.7392296804765,0.2158736025435551
Config2,3.0,3.0,5.0,0.4,0.8,712.5683074103747,6514.772115711399,1.6047894317481575,0.0,7244.936911132782,1.6047894317481575
Config2,3.0,3.0,5.0,0.4,0.9,2556.010865528217,6556.9330112557955,3.887211638726414,0.0,9130.978563845414,3.887211638726414
Config2,3.0,3.0,5.0,0.6,0.6,5.854519638996746,3626.700456990418,0.353403879390312,0.011399860179446377,3632.9917980165483,0.36798177970173357
Config2,3.0,3.0,5.0,0.6,0.8,2882.446354346875,4363.322460173431,1.566675300164518,0.0,7265.141674752402,1.566675300164518
Config2,3.0,3.0,5.0,0.6,0.9,4720.555276017862,4385.37077815787,3.9020838270219262,0.0,9124.453103148393,3.9020838270219262
Config2,3.0,3.0,5.0,0.8,0.6,1419.6571554272448,2178.63410068642,0.48095993265879283,0.0,3620.1928192009755,0.48095993265879283
Config2,3.0,3.0,5.0,0.8,0.8,5090.56797805349,2175.6711552848424,1.6038707793009197,0.0,7281.496840398331,1.6038707793009197
Config2,3.0,3.0,5.0,0.8,0.9,6965.10635912825,2199.190227311992,3.90272778727242,0.0,9178.05097003974,3.90272778727242
Config2,3.0,3.0,6.0,0.4,0.6,0.5898879071411345,1811.4805203267497,0.09368661232040228,0.11303967270469976,1812.0797370514629,0.2097497924661616
Config2,3.0,3.0,6.0,0.4,0.8,59.18792902939898,5419.2840894604215,1.5457420274309173,0.0003876592372589645,5493.744322370769,1.5548053862271929
Config2,3.0,3.0,6.0,0.4,0.9,1824.2743350426313,5450.706935988648,4.02710028101519,0.0,7304.140956598017,4.02710028101519
Config2,3.0,3.0,6.0,0.6,0.6,2.0058207954071947,1817.837343143567,0.2296969703544451,0.04048515805434345,1819.8792976800048,0.27360199083308906
Config2,3.0,3.0,6.0,0.6,0.8,1835.485554258876,3661.4204328806377,1.5959670051604065,0.0,5511.800019473807,1.5959670051604065
Config2,3.0,3.0,6.0,0.6,0.9,3651.6101852137763,3638.4570151810603,3.781944686601796,0.0,7309.662798637643,3.781944686601796
Config2,3.0,3.0,6.0,0.8,0.6,76.57465849937032,1722.7247282474775,0.467807986494707,-2.7886348945271736e-05,1812.1730996046615,0.4686135513711458
Config2,3.0,3.0,6.0,0.8,0.8,3641.4635218750786,1797.6606745245056,1.5724207898061004,0.0,5467.746212270633,1.5724207898061004
Config2,3.0,3.0,6.0,0.8,0.9,5454.099650554464,1808.242992596384,3.966204676226357,0.0,7278.830962236286,3.966204676226357
Config2,3.0,4.0,4.0,0.4,0.6,1.889159655250985,6405.373192323496,0.225440953026997,0.0924894324308375,6407.354648172485,0.3211258125802418
Config2,3.0,4.0,4.0,0.4,0.8,1788.8579073177705,8210.805959476442,1.6427252351217676,0.0,10021.550448719261,1.6427252351217676
Config2,3.0,4.0,4.0,0.4,0.9,3665.7959584415435,8206.194031341709,3.776477611863707,0.0,11890.658964643984,3.776477611863707
Config2,3.0,4.0,4.0,0.6,0.6,886.1353254479696,5466.821935479159,0.4772661772251074,0.0,6391.698307343598,0.4772661772251074
Config2,3.0,4.0,4.0,0.6,0.8,4583.000665214334,5499.073000164559,1.7007849538538118,0.0,10108.225256817286,1.7007849538538118
Config2,3.0,4.0,4.0,0.6,0.9,6407.282333699995,5472.809921100764,3.823735150262538,0.0,11903.621856118261,3.823735150262538
Config2,3.0,4.0,4.0,0.8,0.6,3614.391787435396,2728.508722001281,0.4713068077347176,0.0,6371.813218912973,0.4713068077347176
Config2,3.0,4.0,4.0,0.8,0.8,7342.92044019829,2746.1156380260372,1.6560933022134818,0.0,10109.686312187736,1.6560933022134818
Config2,3.0,4.0,4.0,0.8,0.9,9164.575933385959,2740.3706528708467,4.003408266226877,0.0,11937.465371012922,4.003408266226877
Config2,3.0,4.0,5.0,0.4,0.6,0.8746903689198688,3657.1017880189484,0.1286792501912747,0.19292538930589703,3658.001366531547,0.3294162735190414
Config2,3.0,4.0,5.0,0.4,0.8,696.470775272634,6557.747355640305,1.5807351097408238,0.0,7291.876312551234,1.5807351097408238
Config2,3.0,4.0,5.0,0.4,0.9,2539.3372679443055,6559.027845449271,3.8160590086986583,0.0,9110.702546894947,3.8160590086986583
Config2,3.0,4.0,5.0,0.6,0.6,5.858418444957598,3618.686356957748,0.3650674374421812,0.026982481134035067,3625.0463151100826,0.39596879190288115
Config2,3.0,4.0,5.0,0.6,0.8,2893.1495439465098,4372.433169906839,1.587689978954426,0.0,7280.125504807858,1.587689978954426
Config2,3.0,4.0,5.0,0.6,0.9,4754.522624272468,4373.1314992912485,3.870046317999507,0.0,9146.52892884959,3.870046317999507
Config2,3.0,4.0,5.0,0.8,0.6,1429.237027058499,2170.214837703071,0.4825206715541087,0.0,3622.516298370792,0.4825206715541087
Config2,3.0,4.0,5.0,0.8,0.8,5091.950933387091,2178.4116450761708,1.641542614468362,0.0,7284.659941497113,1.641542614468362
Config2,3.0,4.0,5.0,0.8,0.9,6967.146182822978,2183.959598389663,3.862317164071285,0.0,9168.587619502492,3.862317164071285
Config2,3.0,4.0,6.0,0.4,0.6,0.5838548835324802,1834.1815149169263,0.08582761112239808,0.294426130376148,1834.7769647394837,0.3857948786677646
Config2,3.0,4.0,6.0,0.4,0.8,49.66942937720847,5414.328000297505,1.4909731098711059,0.0012521583303803686,5481.569631048817,1.5018444127962924
Config2,3.0,4.0,6.0,0.4,0.9,1813.0184864577232,5449.602597931897,4.120986693241619,0.0,7275.229623463033,4.120986693241619
Config2,3.0,4.0,6.0,0.6,0.6,1.977363378511986,1847.6058245598551,0.22798521174341638,0.09615673137352346,1849.6353467458493,0.3329367134246408
Config2,3.0,4.0,6.0,0.6,0.8,1810.6846599891603,3640.37971278507,1.5810632902745927,0.0,5472.090179404653,1.5810632902745927
Config2,3.0,4.0,6.0,0.6,0.9,3647.406775271545,3648.6245449943253,3.753242680202725,0.0,7311.1663374436175,3.753242680202725
Config2,3.0,4.0,6.0,0.8,0.6,63.545732822207626,1735.6150226462166,0.46766974316196847,0.0004591103912051618,1814.0272349923837,0.4701180378164272
Config2,3.0,4.0,6.0,0.8,0.8,3661.910300018341,1792.2142367303195,1.5960049946488386,0.0,5480.701375827792,1.5960049946488386
Config2,3.0,4.0,6.0,0.8,0.9,5464.531196855568,1814.4531756645663,3.9396705996900176,0.0,7295.424859619449,3.9396705996900176
Config2,3.5,2.0,4.0,0.4,0.6,1.9287942508558538,6382.652841657195,0.39805356421787924,0.011124961523345479,6384.68663663278,0.4105235016722375
Config2,3.5,2.0,4.0,0.4,0.8,1794.214447100919,8222.381676710986,6.532172535560202,0.0,10039.244677982788,6.532172535560202
Config2,3.5,2.0,4.0,0.4,0.9,2857.845709369182,8228.244759708123,721.1982122161211,0.0,11127.628996926655,721.1982122161211
Config2,3.5,2.0,4.0,0.6,0.6,888.3867103142853,5450.539406794039,0.9379496274854751,0.0,6361.651754112202,0.9379496274854751
Config2,3.5,2.0,4.0,0.6,0.8,4532.944296622351,5462.857236488947,6.653748031908747,0.0,10025.065622009231,6.653748031908747
Config2,3.5,2.0,4.0,0.6,0.9,5562.780580004162,5459.474569319175,761.9345254964693,0.0,11046.181695801248,761.9345254964693
Config2,3.5,2.0,4.0,0.8,0.6,3671.936521548049,2728.221990145566,0.9507814643894912,0.0,6418.866161111875,0.9507814643894912
Config2,3.5,2.0,4.0,0.8,0.8,7305.486506682538,2731.299548925875,6.4972097865785505,0.0,10060.46921536262,6.4972097865785505
Config2,3.5,2.0,4.0,0.8,0.9,8318.397040463986,2726.6425076292303,765.447369479389,0.0,11067.269553494867,765.447369479389
Config2,3.5,2.0,5.0,0.4,0.6,0.8843965660810376,3615.962644452883,0.21659524821543605,0.020966683686394337,3616.8807578997917,0.23933411760260198
Config2,3.5,2.0,5.0,0.4,0.8,707.2411939419202,6583.257572067486,6.9015050080825215,0.0,7304.071466977269,6.9015050080825215
Config2,3.5,2.0,5.0,0.4,0.9,1788.0534157051447,6535.650832528378,707.8090440284393,0.0,8347.342113294679,707.8090440284393
Config2,3.5,2.0,5.0,0.6,0.6,6.303395200607074,3640.7763591590206,0.6801502157326657,0.0033892829947891508,3648.209437002913,0.6842291027218745
Config2,3.5,2.0,5.0,0.6,0.8,2902.259163565864,4396.543705656206,7.584308711690304,0.0,7314.689931060281,7.584308711690304
Config2,3.5,2.0,5.0,0.6,0.9,3958.171730805279,4382.067490589986,717.426022686145,0.0,8376.610500634893,717.426022686145
Config2,3.5,2.0,5.0,0.8,0.6,1427.6799144087713,2188.2391872032226,0.9291284571688696,0.0,3633.947665815306,0.9291284571688696
Config2,3.5,2.0,5.0,0.8,0.8,5077.871553013887,2169.0365742854456,6.843465188863767,0.0,7257.771249682061,6.843465188863767
Config2,3.5,2.0,5.0,0.8,0.9,6148.1060850796575,2186.852865297195,734.5979052867468,0.0,8347.700571111529,734.5979052867468
Config2,3.5,2.0,6.0,0.4,0.6,0.5702608292447018,1830.7177007027667,0.14283972190179295,0.02980075718406139,1831.3048885652627,0.17412698953058625
Config2,3.5,2.0,6.0,0.4,0.8,32.457135442708726,5388.427640027129,5.34221896425175,0.0004565419443213446,5434.054391673137,5.343779541253895
Config2,3.5,2.0,6.0,0.4,0.9,1030.7850671161561,5437.804310365051,685.5670032504778,0.0,6484.987445130553,685.5670032504778
Config2,3.5,2.0,6.0,0.6,0.6,1.813253549315666,1783.815437529114,0.38243763051013085,0.011384402120140852,1785.67852696831,0.3946966018059364
Config2,3.5,2.0,6.0,0.6,0.8,1828.5474224075954,3657.8944024751922,7.217719766917699,0.0,5494.802775393792,7.217719766917699
Config2,3.5,2.0,6.0,0.6,0.9,2843.674258971534,3637.534088363405,753.646864306182,0.0,6499.591543264836,753.646864306182
Config2,3.5,2.0,6.0,0.8,0.6,62.3605434086537,1741.1013939048462,0.931392225715153,2.9917697571141318e-05,1815.0144636930465,0.9315886115334562
Config2,3.5,2.0,6.0,0.8,0.8,3639.782484446772,1817.5765786859358,6.446227612424085,0.0,5470.805623841613,6.446227612424085
Config2,3.5,2.0,6.0,0.8,0.9,4635.883951684179,1812.8625917863492,764.6963750420831,0.0,6467.265074389691,764.6963750420831
Config2,3.5,3.0,4.0,0.4,0.6,1.9420841208846118,6363.601439718966,0.3986774420195479,0.03839159390683752,6365.613125277613,0.4419825237486217
Config2,3.5,3.0,4.0,0.4,0.8,1821.5919163033054,8217.71661671924,6.852595112474074,0.0,10054.839834106353,6.852595112474074
Config2,3.5,3.0,4.0,0.4,0.9,2850.4920803790233,8212.500160023113,717.4535253936608,0.0,11081.80083703742,717.4535253936608
Config2,3.5,3.0,4.0,0.6,0.6,876.7934566658992,5443.941404307858,0.9637214243478144,0.0,6345.487984531817,0.9637214243478144
Config2,3.5,3.0,4.0,0.6,0.8,4546.854777212453,5468.9846474183305,6.7573733937477,0.0,10037.759814886063,6.7573733937477
Config2,3.5,3.0,4.0,0.6,0.9,5550.750455738931,5458.633777617449,767.9701096563166,0.0,11032.918518297723,767.9701096563166
Config2,3.5,3.0,4.0,0.8,0.6,3670.515635294204,2727.4747986928305,0.9504972913048139,0.0,6416.634742973136,0.9504972913048139
Config2,3.5,3.0,4.0,0.8,0.8,7307.306231505721,2732.820813443441,6.487401119031448,0.0,10063.724653801632,6.487401119031448
Config2,3.5,3.0,4.0,0.8,0.9,8332.336019753828,2727.874139126571,737.0983055337153,0.0,11080.682106862716,737.0983055337153
Config2,3.5,3.0,5.0,0.4,0.6,0.9040031860044913,3647.261294128414,0.23329778556390773,0.07495193829592617,3648.1825857449753,0.312570722792915
Config2,3.5,3.0,5.0,0.4,0.8,707.65118705946,6589.863723685643,6.591194451260484,0.0,7317.166195650144,6.591194451260484
Config2,3.5,3.0,5.0,0.4,0.9,1715.65836447363,6553.4101495396,741.8730560115025,0.0,8293.961589727547,741.8730560115025
Config2,3.5,3.0,5.0,0.6,0.6,6.1204710335567825,3653.3223335317316,0.6604978708206584,0.011414660989345389,3660.210245557397,0.6745115656776525
Config2,3.5,3.0,5.0,0.6,0.8,2920.283604565265,4379.134927180186,7.174526486209564,0.0,7316.282604548507,7.174526486209564
Config2,3.5,3.0,5.0,0.6,0.9,3950.0618394158573,4383.640288453489,760.7079744014787,0.0,8354.772822497998,760.7079744014787
Config2,3.5,3.0,5.0,0.8,0.6,1431.7097258762815,2185.9650943844167,0.9220236835833755,0.0,3632.7257136858716,0.9220236835833755
Config2,3.5,3.0,5.0,0.8,0.8,5082.048660598509,2169.8741605107753,6.9689306645461295,0.0,7263.9296478705455,6.9689306645461295
Config2,3.5,3.0,5.0,0.8,0.9,6109.42637056844,2181.784034798023,758.0323267730353,0.0,8303.281904919924,758.0323267730353
Config2,3.5,3.0,6.0,0.4,0.6,0.5545132809938202,1808.764426876221,0.13835961881885128,0.10906159705577946,1809.3435511139437,0.2534056210297152
Config2,3.5,3.0,6.0,0.4,0.8,53.72461670673293,5397.831644870493,6.419658024154465,1.3449502640564166e-05,5466.760861600567,6.422210267766918
Config2,3.5,3.0,6.0,0.4,0.9,1002.4334806547294,5456.623393455488,753.4860028549214,0.0,6471.877695694694,753.4860028549214
Config2,3.5,3.0,6.0,0.6,0.6,1.851998061923521,1805.2106077548106,0.39985584093108806,0.03719674465334436,1807.1106542373293,0.43978036284323474
Config2,3.5,3.0,6.0,0.6,0.8,1789.8024522359513,3665.0503580822624,6.709370304771437,0.0,5467.247600023034,6.709370304771437
Config2,3.5,3.0,6.0,0.6,0.9,2843.1291403248174,3647.380094767365,732.6664864894998,0.0,6509.837283358984,732.6664864894998
Config2,3.5,3.0,6.0,0.8,0.6,57.32083566847287,1715.7732751028384,0.9307101537620384,0.0004118682920387592,1781.2681367955631,0.9328486041819036
Config2,3.5,3.0,6.0,0.8,0.8,3648.8797059464578,1815.9950939682224,6.989322208548943,0.0,5479.731020139072,6.989322208548943
Config2,3.5,3.0,6.0,0.8,0.9,4664.292686932272,1820.1092382648728,757.1328381844309,0.0,6506.042410573813,757.1328381844309
Config2,3.5,4.0,4.0,0.4,0.6,1.7876340271763242,6360.8361939381575,0.38579363532431554,0.09311222873846525,6362.678146078855,0.49405810049343285
Config2,3.5,4.0,4.0,0.4,0.8,1806.3316476277987,8215.44134781617,7.156865189086368,0.0,10040.780274778088,7.156865189086368
Config2,3.5,4.0,4.0,0.4,0.9,2845.7815928481928,8205.453036546214,732.5042159620439,0.0,11083.764777341696,732.5042159620439
Config2,3.5,4.0,4.0,0.6,0.6,898.2805393728117,5452.944587350118,0.9545812222258363,0.0,6381.051255686502,0.9545812222258363
Config2,3.5,4.0,4.0,0.6,0.8,4533.36478883656,5465.251466364647,6.748605609213545,0.0,10022.46938629572,6.748605609213545
Config2,3.5,4.0,4.0,0.6,0.9,5556.22631748642,5459.101869917047,770.8338801961487,0.0,11041.36758054352,770.8338801961487
Config2,3.5,4.0,4.0,0.8,0.6,3671.5097267560727,2725.773930140521,0.9491928632179958,0.0,6416.561385472657,0.9491928632179958
Config2,3.5,4.0,4.0,0.8,0.8,7304.531669502973,2731.961101009274,6.4226084769492635,0.0,10060.410454665358,6.4226084769492635
Config2,3.5,4.0,4.0,0.8,0.9,8317.282123966605,2717.890336148787,763.8663968208093,0.0,11056.750856152194,763.8663968208093
Config2,3.5,4.0,5.0,0.4,0.6,0.8749463049650213,3646.0512510804247,0.2204968435264418,0.18332283847595846,3646.9652454453653,0.4123718556694574
Config2,3.5,4.0,5.0,0.4,0.8,719.5832231226481,6560.1906329550375,6.640214396826512,0.0,7299.889183058346,6.640214396826512
Config2,3.5,4.0,5.0,0.4,0.9,1753.8470727574818,6568.86074313708,721.5297076895648,0.0,8342.239039802724,721.5297076895648
Config2,3.5,4.0,5.0,0.6,0.6,5.893531560596008,3626.43464995991,0.6625710346428967,0.02746574248208759,3632.7523504794153,0.6951389309962955
Config2,3.5,4.0,5.0,0.6,0.8,2920.184102795355,4387.223584806303,7.225153286785716,0.0,7324.038782788519,7.225153286785716
Config2,3.5,4.0,5.0,0.6,0.9,3931.174648019141,4396.749951138117,736.6477275051429,0.0,8358.362507941538,736.6477275051429
Config2,3.5,4.0,5.0,0.8,0.6,1432.630267121528,2184.823053290374,0.9249676291618797,0.0,3633.5588807517624,0.9249676291618797
Config2,3.5,4.0,5.0,0.8,0.8,5080.15966824147,2166.9713110900075,7.051886902968031,0.0,7259.939719771346,7.051886902968031
Config2,3.5,4.0,5.0,0.8,0.9,6121.624161648802,2185.2420916994947,738.0258108361445,0.0,8322.901608979424,738.0258108361445
Config2,3.5,4.0,6.0,0.4,0.6,0.5566256464153669,1796.7852076883566,0.1433493786482379,0.2885304137307652,1797.3520893617256,0.4385336506610235
Config2,3.5,4.0,6.0,0.4,0.8,35.08853007242176,5384.129561504834,5.477177574305026,0.0025916993884999885,5436.876179654279,5.487175406137405
Config2,3.5,4.0,6.0,0.4,0.9,1031.1448206337811,5463.107284231774,711.9629355736959,0.0,6517.805157388242,711.9629355736959
Config2,3.5,4.0,6.0,0.6,0.6,1.861190750503986,1802.173241971663,0.40420166097358295,0.09333026693683814,1804.0906792857445,0.5042885147166567
Config2,3.5,4.0,6.0,0.6,0.8,1819.729395960197,3657.1715902004635,6.611204177366183,0.0,5484.878046158341,6.611204177366183
Config2,3.5,4.0,6.0,0.6,0.9,2841.143711210649,3649.6535403406588,748.3832088915681,0.0,6513.946596900691,748.3832088915681
Config2,3.5,4.0,6.0,0.8,0.6,71.82559631709603,1745.5136773140207,0.9532303148088133,-7.456313740402602e-05,1822.873358458797,0.9545661052041
Config2,3.5,4.0,6.0,0.8,0.8,3641.6377537680837,1819.3988138301552,6.8925872099999905,0.0,5474.052631755051,6.8925872099999905
Config2,3.5,4.0,6.0,0.8,0.9,4644.277508531564,1813.000838662414,779.8444715426907,0.0,6474.764152449331,779.8444715426907
