Config,m_SS1,m_SS2,m_arrivi,q_prob_U1,p_feedback,sojournTimeU1_vec:vector_Stima_Minimo_05perc,sojournTimeU1_vec:vector_Stima_Massimo_95perc,sojournTimeU2_vec:vector_Stima_Minimo_05perc,sojournTimeU2_vec:vector_Stima_Massimo_95perc
Config1,2.4,2.0,4.0,0.4,0.6,2.569713627052683,51.61238565890195,10128.077383337612,42107.3195602554
Config1,2.4,2.0,4.0,0.4,0.8,109.45046054999482,2632.955361945171,42276.18439549415,56411.60081263984
Config1,2.4,2.0,4.0,0.4,0.9,1575.5613089592325,45108.80404016862,,
Config1,2.4,2.0,4.0,0.6,0.6,3.0652674562809823,83.49653481330238,14771.336718583476,48142.522789172544
Config1,2.4,2.0,4.0,0.6,0.8,3848.303223015819,35077.69318431229,,
Config1,2.4,2.0,4.0,0.6,0.9,5011.3964014408175,51074.68414932587,,
Config1,2.4,2.0,4.0,0.8,0.6,165.56137820957457,1866.0246586101853,46975.33418899333,58802.12432901689
Config1,2.4,2.0,4.0,0.8,0.8,6855.744333009236,44644.272948607024,,
Config1,2.4,2.0,4.0,0.8,0.9,7786.648654592408,53823.18554924925,,
Config1,2.4,2.0,5.0,0.4,0.6,2.5024851376952553,46.864504289336644,3662.0175892851375,23561.72145950147
Config1,2.4,2.0,5.0,0.4,0.8,4.277422573412183,269.6493436873792,22216.770556920183,58603.929975606574
Config1,2.4,2.0,5.0,0.4,0.9,73.07467073217116,40393.61331265072,47714.151853511205,62870.65422653363
Config1,2.4,2.0,5.0,0.6,0.6,2.7001447938134397,59.786468926105044,3716.2459323924813,23806.064811462344
Config1,2.4,2.0,5.0,0.6,0.8,1684.6522533103393,21676.300538783253,,
Config1,2.4,2.0,5.0,0.6,0.9,3077.60658071285,48267.72372210377,,
Config1,2.4,2.0,5.0,0.8,0.6,3.2516332086117004,98.40478746950939,3613.0610215797496,24068.134099261235
Config1,2.4,2.0,5.0,0.8,0.8,4560.670576137151,38074.94985020674,,
Config1,2.4,2.0,5.0,0.8,0.9,5707.142047033125,52224.950184344634,,
Config1,2.4,2.0,6.0,0.4,0.6,2.321803625409345,42.895846195279645,7.084582187716412,534.8713382095816
Config1,2.4,2.0,6.0,0.4,0.8,3.5344613997102847,174.31783817063973,13668.091701933197,52907.32176907836
Config1,2.4,2.0,6.0,0.4,0.9,18.129488516882994,33203.5390508297,34329.67224874285,64908.53089677087
Config1,2.4,2.0,6.0,0.6,0.6,2.2732813818689475,50.335283318550886,3.9082062829579227,375.5554164679541
Config1,2.4,2.0,6.0,0.6,0.8,85.25695402129855,2401.9169241535888,41126.39186722524,58286.68586808418
Config1,2.4,2.0,6.0,0.6,0.9,1608.0005755903933,45303.3176534642,,
Config1,2.4,2.0,6.0,0.8,0.6,2.220660815241545,64.01316292650583,3.1710546868175724,348.0204405084104
Config1,2.4,2.0,6.0,0.8,0.8,2743.175622495027,29351.829710079888,,
Config1,2.4,2.0,6.0,0.8,0.9,4073.318212381295,49291.23542274409,,
Config1,2.4,3.0,4.0,0.4,0.6,2.578111994331055,51.30161325390143,10141.22966375773,42586.79927337122
Config1,2.4,3.0,4.0,0.4,0.8,111.9823281237318,2749.4966152211355,40964.175866997815,60614.22842205906
Config1,2.4,3.0,4.0,0.4,0.9,1606.6885633975232,45005.3358081247,,
Config1,2.4,3.0,4.0,0.6,0.6,3.05115632687782,82.87939172805824,14395.387831861119,47851.100137828835
Config1,2.4,3.0,4.0,0.6,0.8,3921.353633657682,35122.829053818714,,
Config1,2.4,3.0,4.0,0.6,0.9,5115.942402660354,51205.3234541318,,
Config1,2.4,3.0,4.0,0.8,0.6,166.7088555926468,1897.3096478700008,45344.781008052174,50418.74468627734
Config1,2.4,3.0,4.0,0.8,0.8,6856.638687828355,44654.807133485636,,
Config1,2.4,3.0,4.0,0.8,0.9,7839.839995418466,53875.72360512424,,
Config1,2.4,3.0,5.0,0.4,0.6,2.492784779686405,46.05869645274831,3713.3074988250446,23763.02410786163
Config1,2.4,3.0,5.0,0.4,0.8,4.2629406461393105,284.48510268411343,22303.472033425387,58202.64530753932
Config1,2.4,3.0,5.0,0.4,0.9,95.76531134534653,40259.13539990934,49840.5204383545,60671.99767944878
Config1,2.4,3.0,5.0,0.6,0.6,2.6840069954100523,58.73918768339091,3637.2100238785706,23323.82100302885
Config1,2.4,3.0,5.0,0.6,0.8,1689.264561457551,21525.687524445642,,
Config1,2.4,3.0,5.0,0.6,0.9,3097.273411923824,48323.133489171974,,
Config1,2.4,3.0,5.0,0.8,0.6,3.2046885195924375,95.69802682506699,4145.814906201696,25174.8517241164
Config1,2.4,3.0,5.0,0.8,0.8,4544.988864672542,37897.14377094537,,
Config1,2.4,3.0,5.0,0.8,0.9,5695.737713755475,51916.050944772265,,
Config1,2.4,3.0,6.0,0.4,0.6,2.31217186848065,43.77972506556611,7.391376897602248,603.9378421181839
Config1,2.4,3.0,6.0,0.4,0.8,3.568763912727185,180.56852124593007,14338.47928679318,53644.595297895255
Config1,2.4,3.0,6.0,0.4,0.9,17.783417514507626,33123.05184291993,33665.841038404986,62889.75860560221
Config1,2.4,3.0,6.0,0.6,0.6,2.287954854097825,49.99957898875164,4.273076525024242,458.18011578551693
Config1,2.4,3.0,6.0,0.6,0.8,113.4503342143689,2678.6357628518845,44249.888229652366,56586.3840037392
Config1,2.4,3.0,6.0,0.6,0.9,1683.3682299654301,45299.6880935066,,
Config1,2.4,3.0,6.0,0.8,0.6,2.24889846011297,64.59330766912593,3.14757656622998,356.15178934055723
Config1,2.4,3.0,6.0,0.8,0.8,2744.5903537450067,29492.716141798173,,
Config1,2.4,3.0,6.0,0.8,0.9,3963.501071974503,49621.15071361185,,
Config1,2.4,4.0,4.0,0.4,0.6,2.5800453097650524,51.23202306927889,10234.870246905268,42875.401299804085
Config1,2.4,4.0,4.0,0.4,0.8,98.563138952697,2390.2155863,44962.14349743247,62284.38106906653
Config1,2.4,4.0,4.0,0.4,0.9,1580.7323746542966,44837.877876542756,,
Config1,2.4,4.0,4.0,0.6,0.6,3.04269120873288,80.21150111329769,14859.903696890764,48922.44064134541
Config1,2.4,4.0,4.0,0.6,0.8,3887.2783166989,35215.23116001451,,
Config1,2.4,4.0,4.0,0.6,0.9,5033.503857590118,51050.39588759049,,
Config1,2.4,4.0,4.0,0.8,0.6,130.66906039196667,1615.986497825715,40950.9169240245,53799.318430051
Config1,2.4,4.0,4.0,0.8,0.8,6845.479126779332,44462.37951424338,,
Config1,2.4,4.0,4.0,0.8,0.9,7760.830012760305,53595.03551257241,,
Config1,2.4,4.0,5.0,0.4,0.6,2.476827866088755,46.55607471823798,3535.0220455102817,23016.615604807383
Config1,2.4,4.0,5.0,0.4,0.8,4.23335780432513,282.2248567732553,21944.466302187873,58117.54626793467
Config1,2.4,4.0,5.0,0.4,0.9,121.61946135607988,40226.80658777078,45860.891008675295,57170.6559803598
Config1,2.4,4.0,5.0,0.6,0.6,2.697826850649905,57.77537563823804,3590.0492599059835,22754.349670867457
Config1,2.4,4.0,5.0,0.6,0.8,1677.6335981186355,21853.314224724214,,
Config1,2.4,4.0,5.0,0.6,0.9,3059.0065716438103,48592.90364950585,,
Config1,2.4,4.0,5.0,0.8,0.6,3.2709949722464997,95.90562794188446,3892.258966014588,24527.245896485125
Config1,2.4,4.0,5.0,0.8,0.8,4570.900369872761,38666.41370032037,,
Config1,2.4,4.0,5.0,0.8,0.9,5727.71865825942,52126.8536068527,,
Config1,2.4,4.0,6.0,0.4,0.6,2.32007527578771,43.679687551207486,8.495227237519064,646.9661444637643
Config1,2.4,4.0,6.0,0.4,0.8,3.5036073840829323,175.31567933088138,14058.242801766362,53180.05390294929
Config1,2.4,4.0,6.0,0.4,0.9,18.62100194806903,33357.59763792363,36387.6456887756,64357.55312588062
Config1,2.4,4.0,6.0,0.6,0.6,2.2692848824748926,50.91202889536235,4.068504682079626,417.3325780962603
Config1,2.4,4.0,6.0,0.6,0.8,135.30246569263147,2905.800150049506,43988.19242772131,55682.03155001143
Config1,2.4,4.0,6.0,0.6,0.9,1579.31670044257,44609.30354310713,,
Config1,2.4,4.0,6.0,0.8,0.6,2.204129316258195,62.87452535951384,3.0867317803461605,374.09548653444216
Config1,2.4,4.0,6.0,0.8,0.8,2771.074961728811,29536.46982684153,,
Config1,2.4,4.0,6.0,0.8,0.9,4047.183290316666,49540.26259894045,,
Config1,3.0,2.0,4.0,0.4,0.6,2.579641498340305,61.535012053210664,10187.224696771711,42377.10980575593
Config1,3.0,2.0,4.0,0.4,0.8,4.563673839872637,20182.66292363722,27453.566263866895,61636.531998962164
Config1,3.0,2.0,4.0,0.4,0.9,4.601895533534007,47642.79978346331,27976.303887356036,60422.352189808655
Config1,3.0,2.0,4.0,0.6,0.6,3.052111641398905,102.28614136348891,14643.242088975143,48325.96522456491
Config1,3.0,2.0,4.0,0.6,0.8,8.749143216840249,38425.486303099715,34635.91158133889,64139.78127003678
Config1,3.0,2.0,4.0,0.6,0.9,8.627415958216051,50746.01956114134,36219.94777380246,64020.361659957365
Config1,3.0,2.0,4.0,0.8,0.6,131.4521989255189,1564.9089866236104,41575.16282902104,55481.569272002474
Config1,3.0,2.0,4.0,0.8,0.8,2595.335241207723,45505.098514293495,,
Config1,3.0,2.0,4.0,0.8,0.9,2647.559302398558,52539.49555960672,,
Config1,3.0,2.0,5.0,0.4,0.6,2.4757442904615603,54.9026802025198,3672.4635201143246,23596.747408510655
Config1,3.0,2.0,5.0,0.4,0.8,4.245025452395418,1081.3392496024044,21529.27350213521,58935.56172650113
Config1,3.0,2.0,5.0,0.4,0.9,4.505463932297553,44590.194726884045,23865.504171868783,60935.661025116264
Config1,3.0,2.0,5.0,0.6,0.6,2.68289862224294,71.7766618642671,3715.5879593001882,23745.33357065775
Config1,3.0,2.0,5.0,0.6,0.8,4.98928566268456,30953.628094542662,25161.014554580255,60180.11899666449
Config1,3.0,2.0,5.0,0.6,0.9,5.023853785116152,50024.72372174741,26187.630414553314,61455.94085051936
Config1,3.0,2.0,5.0,0.8,0.6,3.2081705483653273,117.48393683627565,3496.3934515018345,22916.957213408576
Config1,3.0,2.0,5.0,0.8,0.8,25.084325087042473,40033.27551636044,38161.11283799895,59815.22814145623
Config1,3.0,2.0,5.0,0.8,0.9,34.57712966467798,51156.50679352864,37894.59706029832,56813.245819476244
Config1,3.0,2.0,6.0,0.4,0.6,2.312043641738813,50.698025343649114,8.587924320955576,581.3265679614974
Config1,3.0,2.0,6.0,0.4,0.8,3.546283712438985,289.51939038624363,14110.718749000633,53652.261756146196
Config1,3.0,2.0,6.0,0.4,0.9,4.607492553512342,40900.72331634963,20946.490936692426,58839.69558369658
Config1,3.0,2.0,6.0,0.6,0.6,2.2797578605286524,59.683247050169385,3.987940474896475,383.46342766621217
Config1,3.0,2.0,6.0,0.6,0.8,4.61629445152548,19410.508853828087,19985.00542191276,56521.97943887174
Config1,3.0,2.0,6.0,0.6,0.9,4.668889094395175,48093.005606667786,20682.689421990504,58019.21511711681
Config1,3.0,2.0,6.0,0.8,0.6,2.24552138078529,79.44841252213772,3.2023159900374374,361.40525428179916
Config1,3.0,2.0,6.0,0.8,0.8,5.6452468026721245,34746.17303423594,21135.181648985454,56651.04365658788
Config1,3.0,2.0,6.0,0.8,0.9,5.751174274869962,50283.41765250826,22244.48766299929,57857.30566381201
Config1,3.0,3.0,4.0,0.4,0.6,2.5634862796271825,61.18451718331816,10216.28056437744,42389.272443593865
Config1,3.0,3.0,4.0,0.4,0.8,4.543146005546973,20172.959204322695,27325.85019579663,61263.379845291514
Config1,3.0,3.0,4.0,0.4,0.9,4.61137865582783,47399.42299307625,27768.74174601354,61528.489818502145
Config1,3.0,3.0,4.0,0.6,0.6,2.99803205879388,99.9522485720707,14607.382363927438,47382.22185585438
Config1,3.0,3.0,4.0,0.6,0.8,8.734983070443313,38720.0536896975,34846.058800684565,65516.36603210834
Config1,3.0,3.0,4.0,0.6,0.9,8.373163399608723,51229.29519818155,34947.52913796862,64308.91711875389
Config1,3.0,3.0,4.0,0.8,0.6,133.9670384681171,1577.2515648054505,44377.26683386611,56657.52237453987
Config1,3.0,3.0,4.0,0.8,0.8,2656.409253861191,45645.5803323843,,
Config1,3.0,3.0,4.0,0.8,0.9,2668.302058485599,52597.28967519972,,
Config1,3.0,3.0,5.0,0.4,0.6,2.49069382444655,54.48036413608469,3639.139389773485,23396.071113958395
Config1,3.0,3.0,5.0,0.4,0.8,4.260685527357465,1310.187118525607,21853.83746737187,58724.611919253264
Config1,3.0,3.0,5.0,0.4,0.9,4.5531512143350605,44555.00190905457,24022.35667979543,60939.39998546379
Config1,3.0,3.0,5.0,0.6,0.6,2.6937422644202176,71.2474618939623,3579.187398166721,23187.587277393563
Config1,3.0,3.0,5.0,0.6,0.8,4.92505287112177,30720.25658775951,25788.733073715623,60301.081219941414
Config1,3.0,3.0,5.0,0.6,0.9,5.08544897965889,49811.23935655069,26094.646156469935,60939.55659810704
Config1,3.0,3.0,5.0,0.8,0.6,3.207341827009865,118.31952150454454,3726.9736356606168,23644.775750035296
Config1,3.0,3.0,5.0,0.8,0.8,28.86417984315627,40030.3381911259,35838.87949265038,56782.32081427532
Config1,3.0,3.0,5.0,0.8,0.9,30.978028820404223,51034.42074459462,38375.096368494414,61966.742154785825
Config1,3.0,3.0,6.0,0.4,0.6,2.3135326464537522,49.740038432767236,9.34244214898659,705.9067778497907
Config1,3.0,3.0,6.0,0.4,0.8,3.5054444771708146,314.78111696465584,13947.428330181696,53061.94770028968
Config1,3.0,3.0,6.0,0.4,0.9,4.488335514209478,40588.211194755204,21042.02774209169,58268.555576443105
Config1,3.0,3.0,6.0,0.6,0.6,2.2697782284762953,60.43152006574299,3.9025694851855826,400.6473876804938
Config1,3.0,3.0,6.0,0.6,0.8,4.6204688103949225,19457.70860242169,19458.903433905965,55913.84952803845
Config1,3.0,3.0,6.0,0.6,0.9,4.559879841827943,47507.39464524165,21417.57444212766,58609.05925684595
Config1,3.0,3.0,6.0,0.8,0.6,2.2238304250645275,78.22036745184799,3.2685989789188428,351.94636327389696
Config1,3.0,3.0,6.0,0.8,0.8,5.707569950772995,35040.6139886658,20225.176060781323,57747.275135749995
Config1,3.0,3.0,6.0,0.8,0.9,5.553047728147378,50344.95014392711,22222.578684828146,56865.30981928597
Config1,3.0,4.0,4.0,0.4,0.6,2.574754915084765,62.00934740334411,10298.074836339905,42934.920922832236
Config1,3.0,4.0,4.0,0.4,0.8,4.535281300665305,20110.693949917728,27530.627138118645,61214.72219981758
Config1,3.0,4.0,4.0,0.4,0.9,4.686110849917823,47655.67624919068,27998.195112729016,61869.773106280096
Config1,3.0,4.0,4.0,0.6,0.6,3.0274612385772026,102.45679701790957,14495.425028357495,48259.43719855239
Config1,3.0,4.0,4.0,0.6,0.8,8.667930471481956,38380.00226767508,35013.88647823899,63685.96916592865
Config1,3.0,4.0,4.0,0.6,0.9,8.49485298787902,50515.464685720086,35356.681489966795,64937.544579262976
Config1,3.0,4.0,4.0,0.8,0.6,122.82680154225436,1606.7974826128902,45560.13888699913,58236.40996191141
Config1,3.0,4.0,4.0,0.8,0.8,2599.66795560176,45735.20600168708,,
Config1,3.0,4.0,4.0,0.8,0.9,2653.964253606685,52575.552908071855,,
Config1,3.0,4.0,5.0,0.4,0.6,2.47997995289923,54.56868496151969,3551.956260340217,22789.121344241168
Config1,3.0,4.0,5.0,0.4,0.8,4.206998461201232,1232.9913104324282,21592.202702897386,58884.5150921952
Config1,3.0,4.0,5.0,0.4,0.9,4.64430491252007,44166.39221648534,24076.10422208356,61611.258150192465
Config1,3.0,4.0,5.0,0.6,0.6,2.679250722280455,73.13878966894315,3819.311091120299,23881.363415436273
Config1,3.0,4.0,5.0,0.6,0.8,4.976297599420407,30884.99946575544,25139.0632512221,59765.00454945286
Config1,3.0,4.0,5.0,0.6,0.9,5.156757193880295,49267.876067972335,26235.777249862622,61463.11819586738
Config1,3.0,4.0,5.0,0.8,0.6,3.2285783297668473,123.21367546103019,4114.719140277205,25113.189987014666
Config1,3.0,4.0,5.0,0.8,0.8,19.481628623825788,40270.168601144425,36601.89951818825,60854.6438147899
Config1,3.0,4.0,5.0,0.8,0.9,22.30192442820676,50953.0891225242,39334.37168404193,61000.08499734926
Config1,3.0,4.0,6.0,0.4,0.6,2.29661709599886,50.02349917381372,7.632357761019738,571.1242458265394
Config1,3.0,4.0,6.0,0.4,0.8,3.5092395378813976,303.2133016750312,13907.833046735646,54062.165087447174
Config1,3.0,4.0,6.0,0.4,0.9,4.60152787850919,39473.63396876623,20842.41785374899,59206.60127169654
Config1,3.0,4.0,6.0,0.6,0.6,2.313270072545637,60.23054701943086,4.05172277536134,426.79049135755014
Config1,3.0,4.0,6.0,0.6,0.8,4.64434600001849,20593.584941374946,19925.325485939058,56415.93518980059
Config1,3.0,4.0,6.0,0.6,0.9,4.7215416442979,48504.51335689355,20968.996521632664,57793.42252633878
Config1,3.0,4.0,6.0,0.8,0.6,2.2063365140689775,77.32996481997465,3.0120032741581926,346.30454207816456
Config1,3.0,4.0,6.0,0.8,0.8,5.77213892607854,34949.44634322771,20349.522120273185,57346.2260384953
Config1,3.0,4.0,6.0,0.8,0.9,5.82958331021575,50052.00122291329,20723.93096121873,56021.834554680994
Config1,3.5,2.0,4.0,0.4,0.6,2.5895840619640826,72.67795071769459,10185.492459691295,42473.93662391868
Config1,3.5,2.0,4.0,0.4,0.8,3.63640530576219,29761.16355354562,22402.303481032603,59396.8233946914
Config1,3.5,2.0,4.0,0.4,0.9,3.61521690365023,48942.291248011614,23147.021461424214,60487.32922677789
Config1,3.5,2.0,4.0,0.6,0.6,3.037700967969598,142.42573774704417,14512.406024487029,49236.33319609171
Config1,3.5,2.0,4.0,0.6,0.8,3.8935827174367277,42119.78202951803,24577.6379033469,60713.06801599327
Config1,3.5,2.0,4.0,0.6,0.9,3.97187661467147,51438.04612948136,24946.094308935877,59640.86377243971
Config1,3.5,2.0,4.0,0.8,0.6,8.341812395647796,6085.640824480186,30870.250983328377,59197.47586309926
Config1,3.5,2.0,4.0,0.8,0.8,7.822351068495658,45599.56635342061,32525.292704121828,60931.07570865242
Config1,3.5,2.0,4.0,0.8,0.9,7.4866665362223035,51975.67726740173,32838.34524658262,62461.468570804784
Config1,3.5,2.0,5.0,0.4,0.6,2.4831779740245477,60.94836329173366,3643.5977010838737,23422.658260209286
Config1,3.5,2.0,5.0,0.4,0.8,3.561760378699307,13512.766751573397,18511.441253492885,55911.5379594839
Config1,3.5,2.0,5.0,0.4,0.9,3.728505785241148,46563.87470132133,19663.50254243341,58464.563540937685
Config1,3.5,2.0,5.0,0.6,0.6,2.6848773522868496,89.2306759172197,3711.7709874772167,24236.82276775966
Config1,3.5,2.0,5.0,0.6,0.8,3.6266066758951476,36768.49439710326,17856.8102500008,55863.54720545735
Config1,3.5,2.0,5.0,0.6,0.9,3.6460475907408827,49990.356091649,19468.506307445856,59369.868034969244
Config1,3.5,2.0,5.0,0.8,0.6,3.1855906044231777,187.66302069603177,3819.736087941944,24791.678980735578
Config1,3.5,2.0,5.0,0.8,0.8,4.064229557792002,43037.06812600991,16589.622602111875,55180.024581748774
Config1,3.5,2.0,5.0,0.8,0.9,4.17495911313744,51623.781812177374,18438.813588184137,56557.416921052
Config1,3.5,2.0,6.0,0.4,0.6,2.299684005478418,55.98320979424087,7.464385425781565,625.6035237389495
Config1,3.5,2.0,6.0,0.4,0.8,3.4680631004740428,1029.0278732023567,14079.957407742035,53608.275632938756
Config1,3.5,2.0,6.0,0.4,0.9,3.8308165974485804,44322.84832623449,16790.10114342216,57888.36072860619
Config1,3.5,2.0,6.0,0.6,0.6,2.29751334433379,71.48164811784683,4.223419180184525,393.8018488737328
Config1,3.5,2.0,6.0,0.6,0.8,3.5708538924038926,29421.500948779973,13795.878359704922,53473.05671563481
Config1,3.5,2.0,6.0,0.6,0.9,3.6060129798320424,49521.88185857593,15594.844514289332,57324.40449126296
Config1,3.5,2.0,6.0,0.8,0.6,2.2234130136821126,101.94408156560593,3.1546770236207173,343.0343495185337
Config1,3.5,2.0,6.0,0.8,0.8,3.7180521950511674,39628.82765519105,9804.3976502344,49306.04717464759
Config1,3.5,2.0,6.0,0.8,0.9,3.7419732180146754,51120.53891479781,12445.085273880082,55538.400801878925
Config1,3.5,3.0,4.0,0.4,0.6,2.5724870343344852,72.75082477317406,10147.184074405934,42292.48907887928
Config1,3.5,3.0,4.0,0.4,0.8,3.5841423996211352,29706.58691426028,22390.565000150993,59542.23822946921
Config1,3.5,3.0,4.0,0.4,0.9,3.6302285176652576,49207.1415544169,23036.749690381923,61032.91761958159
Config1,3.5,3.0,4.0,0.6,0.6,3.05302276193555,148.53045282065148,14382.010943216033,48248.71613981649
Config1,3.5,3.0,4.0,0.6,0.8,3.902389489438105,41944.28513946571,24749.31385127683,61012.84338783145
Config1,3.5,3.0,4.0,0.6,0.9,4.07783065481836,51343.839548897944,25300.699910002226,61367.55196931023
Config1,3.5,3.0,4.0,0.8,0.6,7.565339363598502,5898.458201536558,32820.53166591374,60566.63585785712
Config1,3.5,3.0,4.0,0.8,0.8,9.722918237401903,45482.80311859695,32061.48543783968,58451.17743628912
Config1,3.5,3.0,4.0,0.8,0.9,7.986466222277367,52422.79186707954,33076.25458976103,57619.403926935964
Config1,3.5,3.0,5.0,0.4,0.6,2.46671115221303,61.736549063124926,3735.4232081451387,23722.86569132555
Config1,3.5,3.0,5.0,0.4,0.8,3.5713163919557274,14603.842496907306,18492.78489354023,56473.263055643954
Config1,3.5,3.0,5.0,0.4,0.9,3.6427320045485674,47157.28886605417,19734.040304327053,58593.98698009454
Config1,3.5,3.0,5.0,0.6,0.6,2.6810025403495525,91.14021080191654,3747.0109263129584,23843.861270181682
Config1,3.5,3.0,5.0,0.6,0.8,3.6252469839964805,36568.95879218231,18331.371780329453,55861.18786341798
Config1,3.5,3.0,5.0,0.6,0.9,3.662648586139048,50758.283294003275,19147.844100283055,58129.5798325856
Config1,3.5,3.0,5.0,0.8,0.6,3.208927154105177,186.03169485454836,4009.951843073822,24938.10959883205
Config1,3.5,3.0,5.0,0.8,0.8,4.1063191935514,42878.26337723569,16997.365044899292,54936.48645231787
Config1,3.5,3.0,5.0,0.8,0.9,4.236736803783716,51814.544523789846,18389.825743910074,56722.92674391111
Config1,3.5,3.0,6.0,0.4,0.6,2.3134736661841626,56.32462462051203,7.2305793425817155,541.9897994247824
Config1,3.5,3.0,6.0,0.4,0.8,3.5534056023874427,1025.3100934669487,14125.435618756877,54067.46624462037
Config1,3.5,3.0,6.0,0.4,0.9,3.812723120236677,44508.797688619714,16807.559030865265,58019.42512662845
Config1,3.5,3.0,6.0,0.6,0.6,2.301465973874625,72.14612202650378,4.12742769538469,429.62944204918466
Config1,3.5,3.0,6.0,0.6,0.8,3.5518647375491854,29893.86906091276,13923.957292383162,54038.77524289272
Config1,3.5,3.0,6.0,0.6,0.9,3.6261214122077297,49330.2966586114,15279.21694984246,57931.04722347729
Config1,3.5,3.0,6.0,0.8,0.6,2.2255325201476923,103.09457778921357,3.1023520910342075,302.41259022885384
Config1,3.5,3.0,6.0,0.8,0.8,3.7467915742536277,39539.02343571031,10034.248019084931,48796.18732363308
Config1,3.5,3.0,6.0,0.8,0.9,3.7262610278479995,51146.958310301256,12009.206086481692,55122.45309785693
Config1,3.5,4.0,4.0,0.4,0.6,2.5908284404820376,74.61009834286462,10117.59839956435,42240.111527281675
Config1,3.5,4.0,4.0,0.4,0.8,3.5592577627149127,29721.112533331347,22450.575062622953,59842.134341785546
Config1,3.5,4.0,4.0,0.4,0.9,3.6264998053232302,50159.153689911735,23243.21872476056,61144.94061229863
Config1,3.5,4.0,4.0,0.6,0.6,3.0173644247405926,147.39926742524523,14605.975691055264,48418.313882261005
Config1,3.5,4.0,4.0,0.6,0.8,3.9462904236564578,42407.85646048159,24460.72108719311,60422.3000337512
Config1,3.5,4.0,4.0,0.6,0.9,3.998665328309175,51670.82887707399,25660.054348270198,61134.3130053638
Config1,3.5,4.0,4.0,0.8,0.6,8.00656464917091,6067.63673296747,29746.983938125795,58651.021276155334
Config1,3.5,4.0,4.0,0.8,0.8,7.7928154008206105,45484.29728035122,32310.657485548214,59774.60310461266
Config1,3.5,4.0,4.0,0.8,0.9,8.917292324718693,52431.03855556231,33932.66592622034,60385.38653968909
Config1,3.5,4.0,5.0,0.4,0.6,2.4737429883746875,61.790944035560116,3539.7736021206656,23180.536901087184
Config1,3.5,4.0,5.0,0.4,0.8,3.636461024047565,14357.211942458138,18567.603564620076,55882.758220175325
Config1,3.5,4.0,5.0,0.4,0.9,3.648825986799295,46560.52035582728,19658.535968621694,57203.394560247914
Config1,3.5,4.0,5.0,0.6,0.6,2.705471012729858,92.0885249217082,3509.875597605005,23035.75219834145
Config1,3.5,4.0,5.0,0.6,0.8,3.676629827510523,36452.088956281674,17878.81309744374,56781.1376609478
Config1,3.5,4.0,5.0,0.6,0.9,3.630298723660842,50601.07497410233,19313.763701896434,58094.44041373483
Config1,3.5,4.0,5.0,0.8,0.6,3.2430846842666754,193.65294436468838,3658.3605419248606,24088.13355223044
Config1,3.5,4.0,5.0,0.8,0.8,4.1560201682186575,42956.91785733207,16902.80336523099,55235.661297479935
Config1,3.5,4.0,5.0,0.8,0.9,4.189245812821137,51587.272112926774,18270.0703463186,56419.6641347716
Config1,3.5,4.0,6.0,0.4,0.6,2.2970656708073998,55.8930092303868,8.473800795458112,621.6283244010876
Config1,3.5,4.0,6.0,0.4,0.8,3.5582325676718347,923.8912709561413,13944.981628487996,53268.661259541754
Config1,3.5,4.0,6.0,0.4,0.9,3.7685289706671297,43679.70825880467,17021.66812779633,58625.5733333322
Config1,3.5,4.0,6.0,0.6,0.6,2.3067335920854672,71.60845161052751,4.036418564475383,447.7801717463809
Config1,3.5,4.0,6.0,0.6,0.8,3.5713664833569654,30056.53683844083,13622.213518888482,53384.08654622687
Config1,3.5,4.0,6.0,0.6,0.9,3.5880200607750026,48988.93842106178,15536.632381832746,56868.67851537837
Config1,3.5,4.0,6.0,0.8,0.6,2.2459988726611826,107.55082959546846,3.19545316748082,360.93829714212245
Config1,3.5,4.0,6.0,0.8,0.8,3.7206269479058527,39661.65148097593,9707.03686167354,48957.50536310542
Config1,3.5,4.0,6.0,0.8,0.9,3.7221568010724204,50463.69353793428,12624.8022359309,56798.73011174692
Config2,2.4,2.0,4.0,0.4,0.6,4.404996386520573,105.69397785405422,22063.39327562361,57007.430013405195
Config2,2.4,2.0,4.0,0.4,0.8,3922.6776246007876,35553.85345178805,,
Config2,2.4,2.0,4.0,0.4,0.9,7416.840585211144,52036.830472675625,,
Config2,2.4,2.0,4.0,0.6,0.6,1923.1838597299052,14580.51495891315,,
Config2,2.4,2.0,4.0,0.6,0.8,8215.198731513874,47157.51086721074,,
Config2,2.4,2.0,4.0,0.6,0.9,10815.018122025727,54852.39418559828,,
Config2,2.4,2.0,4.0,0.8,0.6,6465.859423373518,33927.283939753994,,
Config2,2.4,2.0,4.0,0.8,0.8,11422.84131400301,52001.400515434274,,
Config2,2.4,2.0,4.0,0.8,0.9,13459.104122182707,56640.20910096385,,
Config2,2.4,2.0,5.0,0.4,0.6,3.8837886079976776,71.35785252050991,12845.791650546296,46973.043495554615
Config2,2.4,2.0,5.0,0.4,0.8,1776.2686673552914,22237.640406611805,,
Config2,2.4,2.0,5.0,0.4,0.9,5562.444250151562,48965.737410479225,,
Config2,2.4,2.0,5.0,0.6,0.6,5.881763499888043,244.65440035562824,25172.703891051344,57950.49036181117
Config2,2.4,2.0,5.0,0.6,0.8,5854.776841203572,42167.01589459298,,
Config2,2.4,2.0,5.0,0.6,0.9,8701.876398292981,53065.75028047303,,
Config2,2.4,2.0,5.0,0.8,0.6,3007.644577666352,20372.690870592553,,
Config2,2.4,2.0,5.0,0.8,0.8,8899.42546337288,48266.92226074606,,
Config2,2.4,2.0,5.0,0.8,0.9,11358.01311103726,55438.26733253149,,
Config2,2.4,2.0,6.0,0.4,0.6,3.7449648052523727,62.72643464922762,6645.067069424213,34271.61646577575
Config2,2.4,2.0,6.0,0.4,0.8,162.0166341604415,3505.5037329979687,41190.28852141753,54451.19779965204
Config2,2.4,2.0,6.0,0.4,0.9,4246.365928856456,45676.634742892005,,
Config2,2.4,2.0,6.0,0.6,0.6,4.309870818254391,103.70998854982415,11128.784160471214,44161.87513230026
Config2,2.4,2.0,6.0,0.6,0.8,3931.654295751293,35481.77016603853,,
Config2,2.4,2.0,6.0,0.6,0.9,7222.326966828754,51762.3337423726,,
Config2,2.4,2.0,6.0,0.8,0.6,195.51973227775383,2052.226209558622,47218.66934631726,57346.22290470872
Config2,2.4,2.0,6.0,0.8,0.8,6901.11194759192,44417.80708517869,,
Config2,2.4,2.0,6.0,0.8,0.9,9630.813980358067,53904.13356882115,,
Config2,2.4,3.0,4.0,0.4,0.6,4.355617141468655,104.2043983154294,22125.106163192773,56480.900156838914
Config2,2.4,3.0,4.0,0.4,0.8,3920.4612276722205,35515.42474116383,,
Config2,2.4,3.0,4.0,0.4,0.9,7354.765202665903,51783.62575665061,,
Config2,2.4,3.0,4.0,0.6,0.6,1930.2432278423087,14598.374655239557,,
Config2,2.4,3.0,4.0,0.6,0.8,8203.161841299541,46829.12927632912,,
Config2,2.4,3.0,4.0,0.6,0.9,10833.772565349595,54988.03486475034,,
Config2,2.4,3.0,4.0,0.8,0.6,6467.038475667911,33921.1110390091,,
Config2,2.4,3.0,4.0,0.8,0.8,11393.732840855217,52027.5461137687,,
Config2,2.4,3.0,4.0,0.8,0.9,13467.140048101899,56263.06281420084,,
Config2,2.4,3.0,5.0,0.4,0.6,3.9019315275983453,71.14340725483204,12906.08434674483,46922.69846308001
Config2,2.4,3.0,5.0,0.4,0.8,1749.2138290916512,22028.693324484262,,
Config2,2.4,3.0,5.0,0.4,0.9,5570.62555851467,48781.522330280895,,
Config2,2.4,3.0,5.0,0.6,0.6,5.834021042774447,226.45052414514635,25471.588639391084,59205.733483074386
Config2,2.4,3.0,5.0,0.6,0.8,5868.787414469325,42278.78208246227,,
Config2,2.4,3.0,5.0,0.6,0.9,8778.497797849463,53212.07368282015,,
Config2,2.4,3.0,5.0,0.8,0.6,3032.974243981362,20477.030875697106,,
Config2,2.4,3.0,5.0,0.8,0.8,8900.076904221636,48455.039950071965,,
Config2,2.4,3.0,5.0,0.8,0.9,11315.03804785065,55127.10495753585,,
Config2,2.4,3.0,6.0,0.4,0.6,3.724483038591262,62.5060643870606,6395.952889596441,34042.11777263648
Config2,2.4,3.0,6.0,0.4,0.8,182.43296737172608,3623.8988286431304,43025.50044028515,55476.74400953633
Config2,2.4,3.0,6.0,0.4,0.9,4287.665391767717,45116.779688592236,,
Config2,2.4,3.0,6.0,0.6,0.6,4.346027511485538,104.05672717196789,11242.07692888239,43598.787368800244
Config2,2.4,3.0,6.0,0.6,0.8,3952.6331990425397,35568.71086056096,,
Config2,2.4,3.0,6.0,0.6,0.9,7276.941132010963,51571.439786862305,,
Config2,2.4,3.0,6.0,0.8,0.6,170.68936723588146,1986.717659985709,45356.31963602352,54914.96422676463
Config2,2.4,3.0,6.0,0.8,0.8,6914.3786163374,44828.23036912842,,
Config2,2.4,3.0,6.0,0.8,0.9,9578.729132946775,53903.3543782247,,
Config2,2.4,4.0,4.0,0.4,0.6,4.342745486407798,102.14827101772006,22092.16797010575,55712.345732185015
Config2,2.4,4.0,4.0,0.4,0.8,3946.3676991378197,35077.59477054166,,
Config2,2.4,4.0,4.0,0.4,0.9,7417.2349211140345,51704.51614531387,,
Config2,2.4,4.0,4.0,0.6,0.6,1919.8520458150579,14446.449904809258,,
Config2,2.4,4.0,4.0,0.6,0.8,8197.97357884873,46889.10813984672,,
Config2,2.4,4.0,4.0,0.6,0.9,10845.368674538553,54911.25008830875,,
Config2,2.4,4.0,4.0,0.8,0.6,6483.763908741387,33998.826578297085,,
Config2,2.4,4.0,4.0,0.8,0.8,11380.863387397116,51940.61127703327,,
Config2,2.4,4.0,4.0,0.8,0.9,13481.154295772323,56627.822259122775,,
Config2,2.4,4.0,5.0,0.4,0.6,3.892592702612395,71.86737548653993,12706.280097497258,46546.08045708386
Config2,2.4,4.0,5.0,0.4,0.8,1798.8826125096518,22146.08256635225,,
Config2,2.4,4.0,5.0,0.4,0.9,5501.317294734851,48955.06838827075,,
Config2,2.4,4.0,5.0,0.6,0.6,5.776088697938868,236.16955449083503,25869.874791216716,57454.425185129876
Config2,2.4,4.0,5.0,0.6,0.8,5848.565081209247,42152.73897734189,,
Config2,2.4,4.0,5.0,0.6,0.9,8727.484037551618,53286.01217034791,,
Config2,2.4,4.0,5.0,0.8,0.6,3035.8112755305997,20551.752626327783,,
Config2,2.4,4.0,5.0,0.8,0.8,8892.331371354887,48325.279354766746,,
Config2,2.4,4.0,5.0,0.8,0.9,11327.026495549542,55247.83898580981,,
Config2,2.4,4.0,6.0,0.4,0.6,3.71016823691176,62.09120524356064,6583.292958561551,34064.18250624116
Config2,2.4,4.0,6.0,0.4,0.8,175.0831644004538,3561.578160421722,38349.921115156096,48775.03166125012
Config2,2.4,4.0,6.0,0.4,0.9,4183.990524964473,45780.397473506535,,
Config2,2.4,4.0,6.0,0.6,0.6,4.337204477022643,108.39542564736848,11340.202564834606,44400.96856960558
Config2,2.4,4.0,6.0,0.6,0.8,3950.209777936741,35597.00789590814,,
Config2,2.4,4.0,6.0,0.6,0.9,7257.8268962233005,51415.340887955,,
Config2,2.4,4.0,6.0,0.8,0.6,170.51169203527311,1998.8079376737605,43574.66618665419,50319.15589116683
Config2,2.4,4.0,6.0,0.8,0.8,6914.421084064484,44715.09870879556,,
Config2,2.4,4.0,6.0,0.8,0.9,9608.897957071877,53720.94310539581,,
Config2,3.0,2.0,4.0,0.4,0.6,4.274504219771275,110.2203924086112,21977.194676670217,56894.87543062556
Config2,3.0,2.0,4.0,0.4,0.8,3852.4346731069645,35381.67790128502,,
Config2,3.0,2.0,4.0,0.4,0.9,7315.147336089727,50946.16492841259,,
Config2,3.0,2.0,4.0,0.6,0.6,1959.5188185463019,14658.170486524896,,
Config2,3.0,2.0,4.0,0.6,0.8,8206.310618247735,47007.33996399586,,
Config2,3.0,2.0,4.0,0.6,0.9,10693.124971325875,54738.669825189376,,
Config2,3.0,2.0,4.0,0.8,0.6,6545.922078630562,33716.055775482055,,
Config2,3.0,2.0,4.0,0.8,0.8,11397.42088341047,51943.496319837745,,
Config2,3.0,2.0,4.0,0.8,0.9,13346.017857170791,56540.31705603009,,
Config2,3.0,2.0,5.0,0.4,0.6,3.8212986774981323,75.7730471639032,12813.637646501087,47300.07717765412
Config2,3.0,2.0,5.0,0.4,0.8,1729.9356465990757,21787.03483071149,,
Config2,3.0,2.0,5.0,0.4,0.9,5520.709564842717,48292.62427571487,,
Config2,3.0,2.0,5.0,0.6,0.6,5.746569320041705,236.42784826251827,25962.11438666707,58134.38621201903
Config2,3.0,2.0,5.0,0.6,0.8,5698.579928588696,42092.50887985274,,
Config2,3.0,2.0,5.0,0.6,0.9,8720.873522187745,52990.909657726275,,
Config2,3.0,2.0,5.0,0.8,0.6,2974.565266579385,20132.218980857997,,
Config2,3.0,2.0,5.0,0.8,0.8,8874.931345422476,48356.81570378579,,
Config2,3.0,2.0,5.0,0.8,0.9,11269.912664449239,55102.18728640447,,
Config2,3.0,2.0,6.0,0.4,0.6,3.727956326387743,68.64908329601617,6604.953196809261,34401.85879164039
Config2,3.0,2.0,6.0,0.4,0.8,148.80676668968346,3261.8333314908373,48864.19392429416,61385.902236383154
Config2,3.0,2.0,6.0,0.4,0.9,4282.25307924845,44619.97009424091,,
Config2,3.0,2.0,6.0,0.6,0.6,4.3546322591292554,114.23417214759051,11242.57325635565,43480.188252333595
Config2,3.0,2.0,6.0,0.6,0.8,3947.3036611947864,35719.702221559484,,
Config2,3.0,2.0,6.0,0.6,0.9,7141.140586144446,51370.16198864022,,
Config2,3.0,2.0,6.0,0.8,0.6,192.13112684997247,2032.161225362545,46247.62166673969,57024.12021715414
Config2,3.0,2.0,6.0,0.8,0.8,6916.045235643777,44732.04077524735,,
Config2,3.0,2.0,6.0,0.8,0.9,9588.238818844144,53992.96800511478,,
Config2,3.0,3.0,4.0,0.4,0.6,4.347870709878345,108.07019282989249,22147.502943402396,56360.702769964795
Config2,3.0,3.0,4.0,0.4,0.8,3867.628938248245,35579.926181333394,,
Config2,3.0,3.0,4.0,0.4,0.9,7322.382659650655,51274.66238465502,,
Config2,3.0,3.0,4.0,0.6,0.6,1964.613162743318,14684.603513195741,,
Config2,3.0,3.0,4.0,0.6,0.8,8206.864209107169,47061.13642373731,,
Config2,3.0,3.0,4.0,0.6,0.9,10673.322415683939,54590.87791084347,,
Config2,3.0,3.0,4.0,0.8,0.6,6543.637946993978,33806.994689132065,,
Config2,3.0,3.0,4.0,0.8,0.8,11430.286267547943,51913.98037609014,,
Config2,3.0,3.0,4.0,0.8,0.9,13371.881538032943,56658.88523165721,,
Config2,3.0,3.0,5.0,0.4,0.6,3.8916974534794675,77.213987336614,13060.572505225055,47576.69277324666
Config2,3.0,3.0,5.0,0.4,0.8,1686.8850823680973,21738.96510666514,,
Config2,3.0,3.0,5.0,0.4,0.9,5474.7265760369555,48418.81001952445,,
Config2,3.0,3.0,5.0,0.6,0.6,5.846396697856692,237.54299640334457,26129.03231809516,58113.730685352384
Config2,3.0,3.0,5.0,0.6,0.8,5676.871394598302,41960.70021546816,,
Config2,3.0,3.0,5.0,0.6,0.9,8683.653644331438,53077.747241016725,,
Config2,3.0,3.0,5.0,0.8,0.6,2945.8414755491267,20063.538010054323,,
Config2,3.0,3.0,5.0,0.8,0.8,8872.885042121252,48535.829036730654,,
Config2,3.0,3.0,5.0,0.8,0.9,11312.112771182263,55270.886337529446,,
Config2,3.0,3.0,6.0,0.4,0.6,3.7279689098144253,68.38738826157012,6571.190294143367,33895.98070574585
Config2,3.0,3.0,6.0,0.4,0.8,177.4498838996962,3777.638989195539,50214.019004895155,58437.2028037259
Config2,3.0,3.0,6.0,0.4,0.9,4255.872405454322,45092.778827877235,,
Config2,3.0,3.0,6.0,0.6,0.6,4.339994122697212,113.2337790904116,11402.959889569122,44336.9073864307
Config2,3.0,3.0,6.0,0.6,0.8,3936.8153669280446,35614.42448140026,,
Config2,3.0,3.0,6.0,0.6,0.9,7180.455791984811,52001.03610160052,,
Config2,3.0,3.0,6.0,0.8,0.6,209.9016517306646,2175.165906099436,44731.82785251096,52829.109110133686
Config2,3.0,3.0,6.0,0.8,0.8,6907.143173499979,44764.40596835139,,
Config2,3.0,3.0,6.0,0.8,0.9,9606.798269520139,54055.420464423056,,
Config2,3.0,4.0,4.0,0.4,0.6,4.323821596717113,108.41789888884644,22379.647350986066,57043.086917935194
Config2,3.0,4.0,4.0,0.4,0.8,3877.9661164706376,35570.38240907762,,
Config2,3.0,4.0,4.0,0.4,0.9,7266.534144287652,51330.7130325245,,
Config2,3.0,4.0,4.0,0.6,0.6,1971.1606193108673,14695.986918552231,,
Config2,3.0,4.0,4.0,0.6,0.8,8213.195308059303,47127.44136708857,,
Config2,3.0,4.0,4.0,0.6,0.9,10683.505746204088,54485.97035618204,,
Config2,3.0,4.0,4.0,0.8,0.6,6542.843398503607,33731.96168298914,,
Config2,3.0,4.0,4.0,0.8,0.8,11438.631611953673,51799.688868468525,,
Config2,3.0,4.0,4.0,0.8,0.9,13338.115460567706,56619.70119770737,,
Config2,3.0,4.0,5.0,0.4,0.6,3.84049386641968,76.19007273366356,12804.232450015816,46913.9846846266
Config2,3.0,4.0,5.0,0.4,0.8,1666.0677335234445,21123.285952644288,,
Config2,3.0,4.0,5.0,0.4,0.9,5409.715230961338,48367.74500319068,,
Config2,3.0,4.0,5.0,0.6,0.6,5.851879143158445,230.0114317895233,25348.0695839365,58115.62020627413
Config2,3.0,4.0,5.0,0.6,0.8,5684.281496802152,41937.80298309764,,
Config2,3.0,4.0,5.0,0.6,0.9,8729.930628063052,53042.135246225305,,
Config2,3.0,4.0,5.0,0.8,0.6,2952.3432358502746,20104.475153393323,,
Config2,3.0,4.0,5.0,0.8,0.8,8854.559384090611,48526.96418128385,,
Config2,3.0,4.0,5.0,0.8,0.9,11333.159704693582,55227.49751288768,,
Config2,3.0,4.0,6.0,0.4,0.6,3.706281473128808,68.45755724838618,6694.957177046594,34350.952482045126
Config2,3.0,4.0,6.0,0.4,0.8,164.1992546310571,3558.8493531961685,44890.54027151917,61939.60139781245
Config2,3.0,4.0,6.0,0.4,0.9,4207.425435849357,45617.998675980365,,
Config2,3.0,4.0,6.0,0.6,0.6,4.324537178577498,111.10134329875712,11420.385697533295,44400.79690990422
Config2,3.0,4.0,6.0,0.6,0.8,3895.332570264879,35446.026017737415,,
Config2,3.0,4.0,6.0,0.6,0.9,7162.91469972575,51790.37630791803,,
Config2,3.0,4.0,6.0,0.8,0.6,154.41768039099105,1968.1884157707468,40759.356170071704,53931.03072075804
Config2,3.0,4.0,6.0,0.8,0.8,6941.79579303297,44595.040558233304,,
Config2,3.0,4.0,6.0,0.8,0.9,9579.856219817948,54046.146481506315,,
Config2,3.5,2.0,4.0,0.4,0.6,4.3046966021930775,117.92799269356325,21859.612128447385,56073.55646765711
Config2,3.5,2.0,4.0,0.4,0.8,3936.5782355198594,35638.406226445586,,
Config2,3.5,2.0,4.0,0.4,0.9,5969.889080297912,51675.44180619229,,
Config2,3.5,2.0,4.0,0.6,0.6,1886.2080617163415,14335.339393267273,,
Config2,3.5,2.0,4.0,0.6,0.8,8102.620104141111,47276.51638289536,,
Config2,3.5,2.0,4.0,0.6,0.9,9638.59250381559,54686.05262996388,,
Config2,3.5,2.0,4.0,0.8,0.6,6585.632078757818,34079.31476489678,,
Config2,3.5,2.0,4.0,0.8,0.8,11440.71551428949,51290.91761974589,,
Config2,3.5,2.0,4.0,0.8,0.9,12567.909407110783,56693.60280850284,,
Config2,3.5,2.0,5.0,0.4,0.6,3.8777212048231973,84.79565268700945,12584.037778598133,46911.45267239228
Config2,3.5,2.0,5.0,0.4,0.8,1701.4188039560945,21559.40799339691,,
Config2,3.5,2.0,5.0,0.4,0.9,4007.0392310176358,48283.1697381127,,
Config2,3.5,2.0,5.0,0.6,0.6,5.705506597590655,298.02901346749627,26202.006714119605,59022.22998718238
Config2,3.5,2.0,5.0,0.6,0.8,5754.744177590937,41838.1913835201,,
Config2,3.5,2.0,5.0,0.6,0.9,7484.6327188504165,53333.061534211505,,
Config2,3.5,2.0,5.0,0.8,0.6,3001.2590346888333,20098.858041430278,,
Config2,3.5,2.0,5.0,0.8,0.8,8849.323546608935,48633.85368401033,,
Config2,3.5,2.0,5.0,0.8,0.9,10211.084537111197,54967.10802933358,,
Config2,3.5,2.0,6.0,0.4,0.6,3.7438537901178774,74.68490678230435,6640.836369774591,33919.004972515555
Config2,3.5,2.0,6.0,0.4,0.8,108.42704189880828,2738.2110912070084,42868.252245422715,57723.49750580241
Config2,3.5,2.0,6.0,0.4,0.9,2658.1087936149884,45045.45714633088,,
Config2,3.5,2.0,6.0,0.6,0.6,4.303327989508125,117.49125100173205,11003.153502739093,43313.92102229479
Config2,3.5,2.0,6.0,0.6,0.8,3915.4437972578626,35615.007112597945,,
Config2,3.5,2.0,6.0,0.6,0.9,5803.717322436896,51744.414790571325,,
Config2,3.5,2.0,6.0,0.8,0.6,158.34379686131942,1952.623775471059,39047.736617739574,53418.170455030566
Config2,3.5,2.0,6.0,0.8,0.8,6871.858616770473,44525.85817686503,,
Config2,3.5,2.0,6.0,0.8,0.9,8542.047451710843,54063.79354484377,,
Config2,3.5,3.0,4.0,0.4,0.6,4.352155976761023,119.5472287769256,22106.713880458254,56835.64327408075
Config2,3.5,3.0,4.0,0.4,0.8,3919.8255518190517,35855.41456667169,,
Config2,3.5,3.0,4.0,0.4,0.9,5910.0371064734645,51138.65650608319,,
Config2,3.5,3.0,4.0,0.6,0.6,1862.909633154768,14254.645494549175,,
Config2,3.5,3.0,4.0,0.6,0.8,8139.142177730605,47345.95011365482,,
Config2,3.5,3.0,4.0,0.6,0.9,9665.081462727952,54314.72042677761,,
Config2,3.5,3.0,4.0,0.8,0.6,6575.453889577162,34030.39378399329,,
Config2,3.5,3.0,4.0,0.8,0.8,11444.45384108088,51347.62706686365,,
Config2,3.5,3.0,4.0,0.8,0.9,12591.453552812553,56481.07587486705,,
Config2,3.5,3.0,5.0,0.4,0.6,3.850915556452855,86.40932193961757,12856.964165262001,46953.695748238744
Config2,3.5,3.0,5.0,0.4,0.8,1708.3468208914085,21666.649106160745,,
Config2,3.5,3.0,5.0,0.4,0.9,3955.2129898438566,48263.88706299783,,
Config2,3.5,3.0,5.0,0.6,0.6,5.823977617450756,260.58258247831793,25648.401286762757,58515.651144409996
Config2,3.5,3.0,5.0,0.6,0.8,5821.76504389426,41943.58197390789,,
Config2,3.5,3.0,5.0,0.6,0.9,7449.185698371623,53398.6388118203,,
Config2,3.5,3.0,5.0,0.8,0.6,3009.0085084167185,20181.818242228193,,
Config2,3.5,3.0,5.0,0.8,0.8,8835.574414314035,48563.445518886365,,
Config2,3.5,3.0,5.0,0.8,0.9,10172.781421739499,55200.52912384299,,
Config2,3.5,3.0,6.0,0.4,0.6,3.7302689296996823,72.23167290164818,6651.913973285105,34377.98298476578
Config2,3.5,3.0,6.0,0.4,0.8,186.4940010191172,3859.738066989864,40481.170281719,53837.78535052195
Config2,3.5,3.0,6.0,0.4,0.9,2531.149108183924,45138.55114766626,,
Config2,3.5,3.0,6.0,0.6,0.6,4.294079757342975,116.31393977476687,11029.781649610313,44801.26056984584
Config2,3.5,3.0,6.0,0.6,0.8,3863.5419833595784,35072.79697278993,,
Config2,3.5,3.0,6.0,0.6,0.9,5765.109281348703,51575.90437197523,,
Config2,3.5,3.0,6.0,0.8,0.6,138.97779580504124,1799.3884580345032,45288.55244602402,54505.47804299954
Config2,3.5,3.0,6.0,0.8,0.8,6901.303662167525,44534.39555370865,,
Config2,3.5,3.0,6.0,0.8,0.9,8517.297412804935,54047.192970900054,,
Config2,3.5,4.0,4.0,0.4,0.6,4.327361269498593,114.1987801261303,21839.694655766834,57048.63472837636
Config2,3.5,4.0,4.0,0.4,0.8,3873.8995670816316,35486.333185379786,,
Config2,3.5,4.0,4.0,0.4,0.9,5919.177817641944,50994.84029970865,,
Config2,3.5,4.0,4.0,0.6,0.6,1905.065364053135,14494.950395380456,,
Config2,3.5,4.0,4.0,0.6,0.8,8121.753083863371,47309.09882516653,,
Config2,3.5,4.0,4.0,0.6,0.9,9665.931093780857,54291.41384952038,,
Config2,3.5,4.0,4.0,0.8,0.6,6581.342844207706,34096.910291626635,,
Config2,3.5,4.0,4.0,0.8,0.8,11432.410844005375,51306.65375576356,,
Config2,3.5,4.0,4.0,0.8,0.9,12573.006732980515,56710.570352061666,,
Config2,3.5,4.0,5.0,0.4,0.6,3.8706195494748328,84.39927460835881,12580.206273249094,46649.490072240864
Config2,3.5,4.0,5.0,0.4,0.8,1761.6701134883363,22066.97751909488,,
Config2,3.5,4.0,5.0,0.4,0.9,3984.4614268542887,48467.360446576415,,
Config2,3.5,4.0,5.0,0.6,0.6,5.733337098677555,243.6552273321105,25936.69579428994,57215.944157035075
Config2,3.5,4.0,5.0,0.6,0.8,5810.9055054026885,42058.723168635806,,
Config2,3.5,4.0,5.0,0.6,0.9,7442.0159946957265,53181.290598834654,,
Config2,3.5,4.0,5.0,0.8,0.6,3006.4322175119187,20117.352646892257,,
Config2,3.5,4.0,5.0,0.8,0.8,8812.808096502657,48438.39088156912,,
Config2,3.5,4.0,5.0,0.8,0.9,10196.350165211246,55170.267500152266,,
Config2,3.5,4.0,6.0,0.4,0.6,3.713019505827785,73.48953095469676,6437.72158517575,33663.895883342724
Config2,3.5,4.0,6.0,0.4,0.8,105.52941015397133,2889.4255914623736,44418.11952268791,58850.37596395179
Config2,3.5,4.0,6.0,0.4,0.9,2612.965867089774,44587.69050990161,,
Config2,3.5,4.0,6.0,0.6,0.6,4.304177188650955,118.77129920035557,11277.88110984488,44242.23778489083
Config2,3.5,4.0,6.0,0.6,0.8,3872.0445886883485,35540.0428633725,,
Config2,3.5,4.0,6.0,0.6,0.9,5780.483584246561,51491.98710983316,,
Config2,3.5,4.0,6.0,0.8,0.6,183.05447369387406,2064.8950172382592,40853.71465300677,47938.0114658969
Config2,3.5,4.0,6.0,0.8,0.8,6903.14121409544,44666.66343979842,,
Config2,3.5,4.0,6.0,0.8,0.9,8557.861973054209,54216.68839421497,,
