Config,m_SS1,m_SS2,m_arrivi,q_prob_U1,p_feedback,sojournTimeU1_stats_mean,sojournTimeU2_stats_mean,SoggiornoMedio_TuttiUtenti
Config1,2.4,2.0,4.0,0.4,0.6,17.026259118305543,21554.8517402452,9949.389749224909
Config1,2.4,2.0,4.0,0.4,0.8,1168.3557672025752,41121.85402561178,1495.5892752172222
Config1,2.4,2.0,4.0,0.4,0.9,18050.74725589673,0.0,18050.74725589673
Config1,2.4,2.0,4.0,0.6,0.6,26.53709288685012,27524.78010190411,5739.723592199162
Config1,2.4,2.0,4.0,0.6,0.8,15045.00354050737,0.0,15045.00354050737
Config1,2.4,2.0,4.0,0.6,0.9,23011.5629487491,0.0,23011.5629487491
Config1,2.4,2.0,4.0,0.8,0.6,886.173126332272,32093.199699030945,1022.0622075303365
Config1,2.4,2.0,4.0,0.8,0.8,20908.111126859767,0.0,20908.111126859767
Config1,2.4,2.0,4.0,0.8,0.9,25823.179184162225,0.0,25823.179184162225
Config1,2.4,2.0,5.0,0.4,0.6,15.538965210202067,10407.533355511516,5647.714129152926
Config1,2.4,2.0,5.0,0.4,0.8,85.7281099174152,37184.43865887793,6429.5541278995115
Config1,2.4,2.0,5.0,0.4,0.9,14986.01727391453,56874.0314938748,15209.063907786562
Config1,2.4,2.0,5.0,0.6,0.6,19.544607855922152,10652.228736470623,3662.498033459514
Config1,2.4,2.0,5.0,0.6,0.8,8551.03018775626,0.0,8551.03018775626
Config1,2.4,2.0,5.0,0.6,0.9,20614.874021324355,0.0,20614.874021324355
Config1,2.4,2.0,5.0,0.8,0.6,31.84152301402314,11401.081775760325,1899.313739324868
Config1,2.4,2.0,5.0,0.8,0.8,16659.36780081293,0.0,16659.36780081293
Config1,2.4,2.0,5.0,0.8,0.9,23845.08827196309,0.0,23845.08827196309
Config1,2.4,2.0,6.0,0.4,0.6,14.481142602038908,190.36302342672707,120.22048868052622
Config1,2.4,2.0,6.0,0.4,0.8,55.48766395208575,29353.63535130696,8518.675305346653
Config1,2.4,2.0,6.0,0.4,0.9,12189.45017705152,49657.41760830456,13150.245052012357
Config1,2.4,2.0,6.0,0.6,0.6,16.506692745454824,117.28675038272729,56.618089583433346
Config1,2.4,2.0,6.0,0.6,0.8,1013.860305583215,43924.71328207913,1390.534481189512
Config1,2.4,2.0,6.0,0.6,0.9,18306.018247243708,0.0,18306.018247243708
Config1,2.4,2.0,6.0,0.8,0.6,20.415412744111435,98.56342875240749,35.98946123150518
Config1,2.4,2.0,6.0,0.8,0.8,12048.711700437634,0.0,12048.711700437634
Config1,2.4,2.0,6.0,0.8,0.9,21877.37761340562,0.0,21877.37761340562
Config1,2.4,3.0,4.0,0.4,0.6,17.06353503234324,21699.33633243167,9641.392162744807
Config1,2.4,3.0,4.0,0.4,0.8,1130.002691776658,33355.23847745206,1295.0710842597032
Config1,2.4,3.0,4.0,0.4,0.9,18238.959695471105,0.0,18238.959695471105
Config1,2.4,3.0,4.0,0.6,0.6,26.616385337740635,27282.95302429987,5838.706991960984
Config1,2.4,3.0,4.0,0.6,0.8,15108.236460408049,0.0,15108.236460408049
Config1,2.4,3.0,4.0,0.6,0.9,23038.361511397357,0.0,23038.361511397354
Config1,2.4,3.0,4.0,0.8,0.6,884.2898975579358,33296.29334635744,1017.2696327502035
Config1,2.4,3.0,4.0,0.8,0.8,20918.38482421999,0.0,20918.38482421999
Config1,2.4,3.0,4.0,0.8,0.9,25835.73924115691,0.0,25835.73924115691
Config1,2.4,3.0,5.0,0.4,0.6,15.528893912217654,10563.125947517232,5735.540210322385
Config1,2.4,3.0,5.0,0.4,0.8,87.45100902495058,37617.5533121794,6401.39670625622
Config1,2.4,3.0,5.0,0.4,0.9,15034.362409764362,57419.29556584716,15207.032622665592
Config1,2.4,3.0,5.0,0.6,0.6,19.264346094424518,10433.751102959937,3570.8695832691683
Config1,2.4,3.0,5.0,0.6,0.8,8582.196013476507,0.0,8582.196013476507
Config1,2.4,3.0,5.0,0.6,0.9,20551.51720332901,0.0,20551.51720332901
Config1,2.4,3.0,5.0,0.8,0.6,30.411722116869953,11901.8978213664,2017.0963178377322
Config1,2.4,3.0,5.0,0.8,0.8,16617.522944963217,0.0,16617.522944963217
Config1,2.4,3.0,5.0,0.8,0.9,23814.605997737093,0.0,23814.605997737093
Config1,2.4,3.0,6.0,0.4,0.6,14.63111684985228,217.13817098995315,136.35182077151848
Config1,2.4,3.0,6.0,0.4,0.8,57.358963615149676,29835.657676310984,8647.675071430696
Config1,2.4,3.0,6.0,0.4,0.9,12056.134599062969,49652.74606788584,13054.982404180022
Config1,2.4,3.0,6.0,0.6,0.6,16.460424783375142,147.24549310674126,68.92478207729954
Config1,2.4,3.0,6.0,0.6,0.8,1234.4331646859034,45513.065798139854,1521.3666741233706
Config1,2.4,3.0,6.0,0.6,0.9,18429.586169067446,0.0,18429.586169067446
Config1,2.4,3.0,6.0,0.8,0.6,20.505924896436138,105.24417263413328,37.51748878669285
Config1,2.4,3.0,6.0,0.8,0.8,12070.082773609332,0.0,12070.082773609332
Config1,2.4,3.0,6.0,0.8,0.9,21814.34161892384,0.0,21814.34161892384
Config1,2.4,4.0,4.0,0.4,0.6,16.98015024945234,21890.132844062307,9658.336218586339
Config1,2.4,4.0,4.0,0.4,0.8,1024.7468391320633,39360.92662521835,1479.795326032559
Config1,2.4,4.0,4.0,0.4,0.9,18294.9700779241,0.0,18294.9700779241
Config1,2.4,4.0,4.0,0.6,0.6,25.8671570239644,27640.934396587847,5809.615450247625
Config1,2.4,4.0,4.0,0.6,0.8,15062.763257977727,0.0,15062.763257977727
Config1,2.4,4.0,4.0,0.6,0.9,23000.22426355553,0.0,23000.22426355553
Config1,2.4,4.0,4.0,0.8,0.6,752.7126816932688,37839.02696613598,894.2089033815198
Config1,2.4,4.0,4.0,0.8,0.8,20832.520856457795,0.0,20832.520856457795
Config1,2.4,4.0,4.0,0.8,0.9,25806.270446417308,0.0,25806.270446417308
Config1,2.4,4.0,5.0,0.4,0.6,15.587899387114788,10283.840362652305,5574.333761219844
Config1,2.4,4.0,5.0,0.4,0.8,86.44917987632905,36532.52067108058,6347.22003858261
Config1,2.4,4.0,5.0,0.4,0.9,14881.577871202117,43011.778093868146,15011.99770521373
Config1,2.4,4.0,5.0,0.6,0.6,19.180585206937135,10228.366436314263,3557.5753806228736
Config1,2.4,4.0,5.0,0.6,0.8,8626.304238610446,0.0,8626.304238610446
Config1,2.4,4.0,5.0,0.6,0.9,20592.86035999061,0.0,20592.86035999061
Config1,2.4,4.0,5.0,0.8,0.6,31.01697964704063,11374.985247758585,1905.5888867080362
Config1,2.4,4.0,5.0,0.8,0.8,16776.074744993635,0.0,16776.074744993635
Config1,2.4,4.0,5.0,0.8,0.9,23838.00419140325,0.0,23838.00419140325
Config1,2.4,4.0,6.0,0.4,0.6,14.641594188855569,229.1626327377204,143.30705064644496
Config1,2.4,4.0,6.0,0.4,0.8,55.65391368645252,29502.353625833093,8567.059518552915
Config1,2.4,4.0,6.0,0.4,0.9,11951.616947266746,51198.901646650724,12978.957720266128
Config1,2.4,4.0,6.0,0.6,0.6,16.577705749663227,129.60640787933386,61.58807006037198
Config1,2.4,4.0,6.0,0.6,0.8,1301.505187006408,38470.52381935003,1491.0489828206016
Config1,2.4,4.0,6.0,0.6,0.9,18194.329780514396,0.0,18194.329780514396
Config1,2.4,4.0,6.0,0.8,0.6,20.15995927194349,110.57105380482393,38.29628156464417
Config1,2.4,4.0,6.0,0.8,0.8,12136.65804011867,0.0,12136.65804011867
Config1,2.4,4.0,6.0,0.8,0.9,21843.647237866728,0.0,21843.647237866728
Config1,3.0,2.0,4.0,0.4,0.6,19.613028142875375,21728.067587645877,9655.316429536608
Config1,3.0,2.0,4.0,0.4,0.8,6688.0643588206585,42850.71437343327,10615.403484119157
Config1,3.0,2.0,4.0,0.4,0.9,18315.41326484254,43396.512353777725,21052.302605753423
Config1,3.0,2.0,4.0,0.6,0.6,31.52795444752915,27646.73513612644,5799.67963611101
Config1,3.0,2.0,4.0,0.6,0.8,13093.17744222063,50813.11664668555,14046.162061425053
Config1,3.0,2.0,4.0,0.6,0.9,19096.30128194795,50685.74390206353,19885.419700733695
Config1,3.0,2.0,4.0,0.8,0.6,737.5946694918027,33895.11062051672,980.4676286985499
Config1,3.0,2.0,4.0,0.8,0.8,17316.3557297113,0.0,17316.3557297113
Config1,3.0,2.0,4.0,0.8,0.9,21130.651003585423,0.0,21130.651003585423
Config1,3.0,2.0,5.0,0.4,0.6,17.588158326970014,10444.665424432676,5696.269509438246
Config1,3.0,2.0,5.0,0.4,0.8,330.251845175593,37332.32631589869,6295.725818018529
Config1,3.0,2.0,5.0,0.4,0.9,16958.60802116611,39329.12235372341,20138.684204600628
Config1,3.0,2.0,5.0,0.6,0.6,22.321145267325733,10746.241791191229,3725.35266635736
Config1,3.0,2.0,5.0,0.6,0.8,10337.91391163249,40380.39543504912,12631.86986050622
Config1,3.0,2.0,5.0,0.6,0.9,18721.042906123414,41626.84390253102,20449.144449192398
Config1,3.0,2.0,5.0,0.8,0.6,35.91543404296334,10767.401726713786,1826.2504628510933
Config1,3.0,2.0,5.0,0.8,0.8,13648.317106414856,50563.33787068041,14035.51677742179
Config1,3.0,2.0,5.0,0.8,0.9,18919.109004290633,48283.53763612129,19211.6008753201
Config1,3.0,2.0,6.0,0.4,0.6,16.369282091564042,217.13947863268956,136.8306615097254
Config1,3.0,2.0,6.0,0.4,0.8,90.07228460894156,29646.260128450213,8676.338164601479
Config1,3.0,2.0,6.0,0.4,0.9,15356.41974105266,36856.324574589235,18975.270729176806
Config1,3.0,2.0,6.0,0.6,0.6,18.92783533393852,114.02212450932139,56.7828357424803
Config1,3.0,2.0,6.0,0.6,0.8,6476.022020263094,35150.93331962046,9550.60919020344
Config1,3.0,2.0,6.0,0.6,0.9,18260.806976141357,36698.550675684506,20199.74715609865
Config1,3.0,2.0,6.0,0.8,0.6,24.406344009436992,107.34247979061314,40.97626288213689
Config1,3.0,2.0,6.0,0.8,0.8,11859.931200514802,36007.44472819661,13137.748658209903
Config1,3.0,2.0,6.0,0.8,0.9,19011.10357995816,37510.24058106438,20003.737623687924
Config1,3.0,3.0,4.0,0.4,0.6,19.54107054646548,21692.90907749072,9565.874262633151
Config1,3.0,3.0,4.0,0.4,0.8,6777.267701420762,42675.79984711055,10819.578143144696
Config1,3.0,3.0,4.0,0.4,0.9,18140.12916002048,43613.72196126968,20964.61594834245
Config1,3.0,3.0,4.0,0.6,0.6,31.092456243319095,27246.350282886608,5831.411633444944
Config1,3.0,3.0,4.0,0.6,0.8,13148.105759194184,50066.056525685424,14169.1410023469
Config1,3.0,3.0,4.0,0.6,0.9,19015.98446039044,50444.120657470194,19859.812881368372
Config1,3.0,3.0,4.0,0.8,0.6,718.3815579869471,35398.868222753816,868.9512396683626
Config1,3.0,3.0,4.0,0.8,0.8,17407.04881777803,0.0,17407.04881777803
Config1,3.0,3.0,4.0,0.8,0.9,21129.037873188827,0.0,21129.037873188827
Config1,3.0,3.0,5.0,0.4,0.6,17.588070950392048,10404.438866286615,5678.724778348864
Config1,3.0,3.0,5.0,0.4,0.8,444.19208780884236,37258.43522316138,6445.519942537233
Config1,3.0,3.0,5.0,0.4,0.9,16877.655711581054,39654.711028865626,20170.086323076197
Config1,3.0,3.0,5.0,0.6,0.6,22.320550718839,10633.359348434684,3689.474512490111
Config1,3.0,3.0,5.0,0.6,0.8,10235.19428947254,40712.72362610291,12593.238778704217
Config1,3.0,3.0,5.0,0.6,0.9,18758.33661117149,41071.96042800003,20438.064522756926
Config1,3.0,3.0,5.0,0.8,0.6,36.92587251272342,11169.324059996698,1893.8570765322513
Config1,3.0,3.0,5.0,0.8,0.8,13728.476467092607,49303.03285731638,14115.09017187465
Config1,3.0,3.0,5.0,0.8,0.9,19048.613378668146,51511.997821576544,19417.759793006986
Config1,3.0,3.0,6.0,0.4,0.6,16.116740932341692,285.58763228811665,177.75585756016798
Config1,3.0,3.0,6.0,0.4,0.8,97.79480836340113,29170.596270928112,8655.032660980265
Config1,3.0,3.0,6.0,0.4,0.9,15213.689497581521,36997.69542341575,18781.58884255384
Config1,3.0,3.0,6.0,0.6,0.6,18.971074191592628,132.34318279126805,64.25570744143967
Config1,3.0,3.0,6.0,0.6,0.8,6593.202920145042,35018.47969629457,9626.804295593849
Config1,3.0,3.0,6.0,0.6,0.9,18116.78569175702,37334.04509250069,20162.89861239086
Config1,3.0,3.0,6.0,0.8,0.6,24.078409967958187,107.38880249265817,40.5678237174298
Config1,3.0,3.0,6.0,0.8,0.8,11933.28836237977,35656.65194398593,13143.545511727185
Config1,3.0,3.0,6.0,0.8,0.9,18889.22351466255,37299.36160022374,19846.665950695715
Config1,3.0,4.0,4.0,0.4,0.6,19.502602082788048,21851.504227467845,9718.766969917337
Config1,3.0,4.0,4.0,0.4,0.8,6715.812676053521,42948.26400405466,10756.76736901196
Config1,3.0,4.0,4.0,0.4,0.9,18230.615988232545,43445.04555854437,20922.375359207297
Config1,3.0,4.0,4.0,0.6,0.6,31.837246639586226,27384.637045382264,5793.370758768531
Config1,3.0,4.0,4.0,0.6,0.8,13130.011882619416,50062.21005170111,14035.13666629191
Config1,3.0,4.0,4.0,0.6,0.9,18978.164534203086,51126.55163679239,19821.1924736593
Config1,3.0,4.0,4.0,0.8,0.6,788.6352898083333,43258.89002503866,1031.0095537382629
Config1,3.0,4.0,4.0,0.8,0.8,17407.990472021967,0.0,17407.990472021964
Config1,3.0,4.0,4.0,0.8,0.9,21114.361024760936,0.0,21114.361024760936
Config1,3.0,4.0,5.0,0.4,0.6,17.45029541639913,10140.37758130824,5500.851929330147
Config1,3.0,4.0,5.0,0.4,0.8,428.6413186748491,37009.40166518356,6493.451013528375
Config1,3.0,4.0,5.0,0.4,0.9,16790.31567081012,39827.23758588073,20209.04826215648
Config1,3.0,4.0,5.0,0.6,0.6,22.68724679758683,10809.6301063446,3743.6012364704657
Config1,3.0,4.0,5.0,0.6,0.8,10344.421903500037,40561.57166295422,12647.371311772404
Config1,3.0,4.0,5.0,0.6,0.9,18954.28987438993,41409.80889543207,20646.4343478866
Config1,3.0,4.0,5.0,0.8,0.6,37.87214712099153,11672.44460125671,1969.9900103969292
Config1,3.0,4.0,5.0,0.8,0.8,13586.229653418894,51418.413223956784,14023.333549746118
Config1,3.0,4.0,5.0,0.8,0.9,18906.23168453942,52248.77035743393,19243.724289055826
Config1,3.0,4.0,6.0,0.4,0.6,16.232771704983428,196.88259265821193,124.67865141037728
Config1,3.0,4.0,6.0,0.4,0.8,92.22458859900966,29587.427684419974,8633.992699810877
Config1,3.0,4.0,6.0,0.4,0.9,15185.35289605001,36970.922213607366,18719.441105759088
Config1,3.0,4.0,6.0,0.6,0.6,18.96311723057885,135.8868739070063,66.0531047553674
Config1,3.0,4.0,6.0,0.6,0.8,6784.198876776305,34910.0710689022,9857.548402316914
Config1,3.0,4.0,6.0,0.6,0.9,18369.853166454708,36488.82022245663,20370.37238017316
Config1,3.0,4.0,6.0,0.8,0.6,23.924470663278072,102.62870610799979,39.590024401259214
Config1,3.0,4.0,6.0,0.8,0.8,11812.66213482062,35209.41242511516,13057.46593089935
Config1,3.0,4.0,6.0,0.8,0.9,18832.463683081027,37340.183062746575,19787.27535270825
Config1,3.5,2.0,4.0,0.4,0.6,22.305439099422028,21763.35897545402,9629.894514334215
Config1,3.5,2.0,4.0,0.4,0.8,9964.304202711746,37782.12431932035,15256.469158266164
Config1,3.5,2.0,4.0,0.4,0.9,18767.094225982117,39134.33028493314,22627.744734280164
Config1,3.5,2.0,4.0,0.6,0.6,41.55521031763514,27651.78505862697,5860.411992215072
Config1,3.5,2.0,4.0,0.6,0.8,14254.764928538436,39613.711820192075,16876.3129521209
Config1,3.5,2.0,4.0,0.6,0.9,19065.099285074586,40623.14461680076,21264.806179012565
Config1,3.5,2.0,4.0,0.8,0.6,1911.5963090746532,45894.18590502584,2786.943767742435
Config1,3.5,2.0,4.0,0.8,0.8,15231.92581287754,47669.190543064346,15932.539843106388
Config1,3.5,2.0,4.0,0.8,0.9,18482.540624373236,46836.001006852726,19186.51652124663
Config1,3.5,2.0,5.0,0.4,0.6,19.29994869529967,10367.95082537437,5651.290182731851
Config1,3.5,2.0,5.0,0.4,0.8,4519.932580235137,33558.62995440568,11133.460222171645
Config1,3.5,2.0,5.0,0.4,0.9,17876.541097557834,36051.51734210927,22001.18139843102
Config1,3.5,2.0,5.0,0.6,0.6,26.854560172391185,10790.24635630809,3731.8567853639793
Config1,3.5,2.0,5.0,0.6,0.8,12463.576316822384,33199.880643546436,15731.992549322762
Config1,3.5,2.0,5.0,0.6,0.9,18798.395209006754,35781.342631038715,21427.145579288448
Config1,3.5,2.0,5.0,0.8,0.6,53.51843492020451,11654.712776363473,1935.073107215868
Config1,3.5,2.0,5.0,0.8,0.8,14493.770197731574,32036.936109579394,16015.49636123334
Config1,3.5,2.0,5.0,0.8,0.9,18883.458506537725,34596.782418952454,20217.921855169585
Config1,3.5,2.0,6.0,0.4,0.6,17.832297905417732,212.93875414504427,135.07432049865022
Config1,3.5,2.0,6.0,0.4,0.8,337.27745165944737,29660.961738465354,8615.758917370033
Config1,3.5,2.0,6.0,0.4,0.9,16844.548803660113,33801.558461358414,21004.475078869717
Config1,3.5,2.0,6.0,0.6,0.6,21.937173407852548,118.08092711328426,59.981224333745146
Config1,3.5,2.0,6.0,0.6,0.8,9968.417752661988,29483.276206937364,13734.632592665163
Config1,3.5,2.0,6.0,0.6,0.9,18843.49666218959,32612.20124018139,21399.747002242468
Config1,3.5,2.0,6.0,0.8,0.6,29.990950148609585,99.04816739048252,43.54239906444295
Config1,3.5,2.0,6.0,0.8,0.8,13341.076681012868,24842.420767360756,14811.050656649675
Config1,3.5,2.0,6.0,0.8,0.9,18832.85424900004,29728.006641003583,20216.57429699259
Config1,3.5,3.0,4.0,0.4,0.6,22.05622641459721,21579.46595681544,9658.495807978288
Config1,3.5,3.0,4.0,0.4,0.8,9980.563197538964,37743.54579021061,15159.23514907806
Config1,3.5,3.0,4.0,0.4,0.9,18838.96038893087,38906.99200469434,22775.918852379356
Config1,3.5,3.0,4.0,0.6,0.6,43.303158004231555,27480.153592229668,5814.938764271253
Config1,3.5,3.0,4.0,0.6,0.8,14339.092747308765,39684.71388530253,16996.730935874526
Config1,3.5,3.0,4.0,0.6,0.9,19055.513926021828,40658.07598194487,21278.701839382593
Config1,3.5,3.0,4.0,0.8,0.6,1846.6597570423974,47722.13811310021,2885.486918882964
Config1,3.5,3.0,4.0,0.8,0.8,15356.86544378364,46245.40444110728,16002.026102042832
Config1,3.5,3.0,4.0,0.8,0.9,18527.17951919213,45995.495951480305,19150.309981274702
Config1,3.5,3.0,5.0,0.4,0.6,19.44805314696851,10513.785487844383,5739.956308286375
Config1,3.5,3.0,5.0,0.4,0.8,4970.102635883981,33963.00225367437,11606.409564627598
Config1,3.5,3.0,5.0,0.4,0.9,17841.46095230723,35909.88256978415,21973.2798534361
Config1,3.5,3.0,5.0,0.6,0.6,27.38161315346799,11065.353983348228,3824.862294732509
Config1,3.5,3.0,5.0,0.6,0.8,12438.930980868934,33718.7555823407,15734.232727032611
Config1,3.5,3.0,5.0,0.6,0.9,18803.55699206943,35730.75008739238,21435.868330245383
Config1,3.5,3.0,5.0,0.8,0.6,51.94143521635511,11869.378164079622,1983.7002566533497
Config1,3.5,3.0,5.0,0.8,0.8,14711.423205555535,32135.96334630404,16234.817319310097
Config1,3.5,3.0,5.0,0.8,0.9,18921.391610956776,34609.49345104489,20271.372873322944
Config1,3.5,3.0,6.0,0.4,0.6,17.782571529816572,177.0134343029839,113.26563617477849
Config1,3.5,3.0,6.0,0.4,0.8,321.7208666910298,29721.980307004043,8676.803344661557
Config1,3.5,3.0,6.0,0.4,0.9,16844.16312672133,33445.91310125747,20974.65160208606
Config1,3.5,3.0,6.0,0.6,0.6,21.93242249382175,133.26232576165737,66.31506072443017
Config1,3.5,3.0,6.0,0.6,0.8,9999.307920792637,29612.70406595046,13709.829366377404
Config1,3.5,3.0,6.0,0.6,0.9,18928.83336931716,32658.55037650493,21518.025362727374
Config1,3.5,3.0,6.0,0.8,0.6,29.720654265906788,88.69132582670292,41.355595759483684
Config1,3.5,3.0,6.0,0.8,0.8,13251.476160310334,25214.657316533918,14804.190805220305
Config1,3.5,3.0,6.0,0.8,0.9,19046.183351592594,29839.449497051774,20468.00088989547
Config1,3.5,4.0,4.0,0.4,0.6,22.790793778947954,21629.483453149063,9585.304673195487
Config1,3.5,4.0,4.0,0.4,0.8,9960.690751356204,37744.744590145776,15235.110314006126
Config1,3.5,4.0,4.0,0.4,0.9,18899.279633035498,39101.32520532101,22742.426781556645
Config1,3.5,4.0,4.0,0.6,0.6,42.72803088489224,27383.57314992214,5806.341857885221
Config1,3.5,4.0,4.0,0.6,0.8,14424.0682397925,39431.74182003424,17043.600909755456
Config1,3.5,4.0,4.0,0.6,0.9,19173.23910552021,40933.72518541147,21471.52537439088
Config1,3.5,4.0,4.0,0.8,0.6,1894.12687455114,45119.56920265234,2858.8408321716497
Config1,3.5,4.0,4.0,0.8,0.8,15268.500345336175,45859.83914994616,15976.004947770889
Config1,3.5,4.0,4.0,0.8,0.9,18482.084607913563,47402.56737201381,19043.520410193632
Config1,3.5,4.0,5.0,0.4,0.6,19.30095438929065,10225.66110246972,5539.11870943555
Config1,3.5,4.0,5.0,0.4,0.8,4911.452963544962,33697.51280059861,11411.913424752494
Config1,3.5,4.0,5.0,0.4,0.9,17949.72938250551,35498.1995315477,21906.67370104456
Config1,3.5,4.0,5.0,0.6,0.6,27.647049450013267,10498.48827762054,3597.4087879369267
Config1,3.5,4.0,5.0,0.6,0.8,12434.652786910094,33368.03160177456,15706.074635205225
Config1,3.5,4.0,5.0,0.6,0.9,19003.25082934925,35453.36564938224,21564.633517586462
Config1,3.5,4.0,5.0,0.8,0.6,55.859664828971454,11451.684450991195,1891.466857990404
Config1,3.5,4.0,5.0,0.8,0.8,14559.20158879263,31962.198642420586,16075.127036399477
Config1,3.5,4.0,5.0,0.8,0.9,18904.70615999319,34500.14152935409,20231.573688619435
Config1,3.5,4.0,6.0,0.4,0.6,17.781150611947517,225.31103308731494,142.21471130187228
Config1,3.5,4.0,6.0,0.4,0.8,301.7893553667949,29522.45046410827,8627.125321236426
Config1,3.5,4.0,6.0,0.4,0.9,16617.6283452917,33784.17428453206,20860.49166575959
Config1,3.5,4.0,6.0,0.6,0.6,22.11897620905006,145.472011755001,71.57896140559792
Config1,3.5,4.0,6.0,0.6,0.8,10016.290644060942,29367.520719111595,13657.35066563303
Config1,3.5,4.0,6.0,0.6,0.9,18730.085245621358,32502.936445316747,21351.544522869513
Config1,3.5,4.0,6.0,0.8,0.6,30.98139089966917,108.11935118246245,46.1862647442541
Config1,3.5,4.0,6.0,0.8,0.8,13475.801833812098,24745.545073622925,14926.318079273207
Config1,3.5,4.0,6.0,0.8,0.9,18931.36857278002,30327.21538255906,20339.860989903507
Config2,2.4,2.0,4.0,0.4,0.6,34.45072966755926,36785.412270582514,9132.208689762874
Config2,2.4,2.0,4.0,0.4,0.8,15269.584042125807,0.0,15269.584042125807
Config2,2.4,2.0,4.0,0.4,0.9,25032.23741645542,0.0,25032.23741645542
Config2,2.4,2.0,4.0,0.6,0.6,6184.702939379431,0.0,6184.702939379431
Config2,2.4,2.0,4.0,0.6,0.8,22825.222409206137,0.0,22825.222409206137
Config2,2.4,2.0,4.0,0.6,0.9,28641.21253861157,0.0,28641.21253861157
Config2,2.4,2.0,4.0,0.8,0.6,15877.43592596024,0.0,15877.43592596024
Config2,2.4,2.0,4.0,0.8,0.8,26825.386759277375,0.0,26825.386759277375
Config2,2.4,2.0,4.0,0.8,0.9,30851.68333925202,0.0,30851.68333925202
Config2,2.4,2.0,5.0,0.4,0.6,24.166890260605047,25366.986701902035,10304.736367820804
Config2,2.4,2.0,5.0,0.4,0.8,8897.785881601343,0.0,8897.785881601345
Config2,2.4,2.0,5.0,0.4,0.9,22458.00234708915,0.0,22458.00234708915
Config2,2.4,2.0,5.0,0.6,0.6,80.34946425980344,40644.22321214771,4338.0386964088275
Config2,2.4,2.0,5.0,0.6,0.8,19126.54985324358,0.0,19126.54985324358
Config2,2.4,2.0,5.0,0.6,0.9,26537.710164383676,0.0,26537.710164383676
Config2,2.4,2.0,5.0,0.8,0.6,8840.56952382721,0.0,8840.56952382721
Config2,2.4,2.0,5.0,0.8,0.8,23894.621573355,0.0,23894.621573355
Config2,2.4,2.0,5.0,0.8,0.9,29005.79631697877,0.0,29005.79631697877
Config2,2.4,2.0,6.0,0.4,0.6,21.45584699795683,16351.005724381372,8152.19483259697
Config2,2.4,2.0,6.0,0.4,0.8,1529.9953729477602,30675.201776757924,1726.64720549662
Config2,2.4,2.0,6.0,0.4,0.9,20171.089177818612,0.0,20171.089177818612
Config2,2.4,2.0,6.0,0.6,0.6,34.49271021757119,23376.42933154796,5946.363735132604
Config2,2.4,2.0,6.0,0.6,0.8,15267.025893956916,0.0,15267.025893956916
Config2,2.4,2.0,6.0,0.6,0.9,24854.74684389102,0.0,24854.74684389102
Config2,2.4,2.0,6.0,0.8,0.6,972.7184421539306,36937.38450974431,1175.1774082316047
Config2,2.4,2.0,6.0,0.8,0.8,20883.322415312105,0.0,20883.322415312105
Config2,2.4,2.0,6.0,0.8,0.9,27356.982901927677,0.0,27356.982901927677
Config2,2.4,3.0,4.0,0.4,0.6,34.67130828740219,36346.768014702364,9168.446278740108
Config2,2.4,3.0,4.0,0.4,0.8,15151.624943826397,0.0,15151.624943826397
Config2,2.4,3.0,4.0,0.4,0.9,24930.929667615274,0.0,24930.929667615274
Config2,2.4,3.0,4.0,0.6,0.6,6227.463501801046,0.0,6227.463501801046
Config2,2.4,3.0,4.0,0.6,0.8,22812.74076906553,0.0,22812.74076906553
Config2,2.4,3.0,4.0,0.6,0.9,28584.722868079967,0.0,28584.722868079967
Config2,2.4,3.0,4.0,0.8,0.6,15876.119251132404,0.0,15876.119251132404
Config2,2.4,3.0,4.0,0.8,0.8,26815.674473884003,0.0,26815.674473884003
Config2,2.4,3.0,4.0,0.8,0.9,30865.195826163246,0.0,30865.195826163246
Config2,2.4,3.0,5.0,0.4,0.6,24.27286488196738,25406.497823046917,10275.81743074815
Config2,2.4,3.0,5.0,0.4,0.8,8831.034683935852,0.0,8831.034683935852
Config2,2.4,3.0,5.0,0.4,0.9,22516.062440513313,0.0,22516.062440513313
Config2,2.4,3.0,5.0,0.6,0.6,72.65273253126117,41008.715647618286,4254.1661944059215
Config2,2.4,3.0,5.0,0.6,0.8,19198.70596393723,0.0,19198.70596393723
Config2,2.4,3.0,5.0,0.6,0.9,26601.47086760971,0.0,26601.47086760971
Config2,2.4,3.0,5.0,0.8,0.6,8890.222977140049,0.0,8890.222977140049
Config2,2.4,3.0,5.0,0.8,0.8,23906.045228252893,0.0,23906.045228252893
Config2,2.4,3.0,5.0,0.8,0.9,29035.893459186165,0.0,29035.893459186165
Config2,2.4,3.0,6.0,0.4,0.6,21.514774332379368,15869.990972398438,7857.916706777473
Config2,2.4,3.0,6.0,0.4,0.8,1557.463104788183,28768.976028605895,1762.1058684454229
Config2,2.4,3.0,6.0,0.4,0.9,20072.023681883464,0.0,20072.023681883464
Config2,2.4,3.0,6.0,0.6,0.6,33.98432427648798,23401.35639400302,5838.227795658102
Config2,2.4,3.0,6.0,0.6,0.8,15310.492759879295,0.0,15310.492759879295
Config2,2.4,3.0,6.0,0.6,0.9,24795.68824591862,0.0,24795.68824591862
Config2,2.4,3.0,6.0,0.8,0.6,963.9264727545174,40250.78313529133,1177.6018239587634
Config2,2.4,3.0,6.0,0.8,0.8,20892.417822712094,0.0,20892.417822712094
Config2,2.4,3.0,6.0,0.8,0.9,27352.986309436925,0.0,27352.986309436925
Config2,2.4,4.0,4.0,0.4,0.6,33.82400669166164,36510.13318284487,9188.712755285902
Config2,2.4,4.0,4.0,0.4,0.8,15194.838064637792,0.0,15194.838064637792
Config2,2.4,4.0,4.0,0.4,0.9,24883.559672355303,0.0,24883.559672355303
Config2,2.4,4.0,4.0,0.6,0.6,6184.579602643466,0.0,6184.579602643466
Config2,2.4,4.0,4.0,0.6,0.8,22833.0623406032,0.0,22833.0623406032
Config2,2.4,4.0,4.0,0.6,0.9,28593.01944420063,0.0,28593.01944420063
Config2,2.4,4.0,4.0,0.8,0.6,15922.392989876516,0.0,15922.392989876515
Config2,2.4,4.0,4.0,0.8,0.8,26786.746762984338,0.0,26786.746762984338
Config2,2.4,4.0,4.0,0.8,0.9,30893.41216320375,0.0,30893.41216320375
Config2,2.4,4.0,5.0,0.4,0.6,24.31671249754197,25486.05514569416,10199.744023321156
Config2,2.4,4.0,5.0,0.4,0.8,8961.859520392096,0.0,8961.859520392096
Config2,2.4,4.0,5.0,0.4,0.9,22459.719637538106,0.0,22459.719637538106
Config2,2.4,4.0,5.0,0.6,0.6,74.82072032971286,40963.417208073915,4306.549918121857
Config2,2.4,4.0,5.0,0.6,0.8,19128.20292411509,0.0,19128.20292411509
Config2,2.4,4.0,5.0,0.6,0.9,26562.09521196265,0.0,26562.09521196265
Config2,2.4,4.0,5.0,0.8,0.6,8889.90761685514,0.0,8889.90761685514
Config2,2.4,4.0,5.0,0.8,0.8,23939.47245565914,0.0,23939.47245565914
Config2,2.4,4.0,5.0,0.8,0.9,29014.588443027733,0.0,29014.588443027733
Config2,2.4,4.0,6.0,0.4,0.6,21.42543928001604,16347.175844003561,8173.694213036449
Config2,2.4,4.0,6.0,0.4,0.8,1505.7299659676432,25539.88772255421,1719.682383072472
Config2,2.4,4.0,6.0,0.4,0.9,19974.324564198552,0.0,19974.324564198552
Config2,2.4,4.0,6.0,0.6,0.6,35.45721218455142,23686.679944669755,5856.940905629625
Config2,2.4,4.0,6.0,0.6,0.8,15355.40829632815,0.0,15355.40829632815
Config2,2.4,4.0,6.0,0.6,0.9,24834.174681599754,0.0,24834.174681599754
Config2,2.4,4.0,6.0,0.8,0.6,922.5177060680105,35734.64212086812,1252.1238394921604
Config2,2.4,4.0,6.0,0.8,0.8,20931.38482783601,0.0,20931.38482783601
Config2,2.4,4.0,6.0,0.8,0.9,27426.648842688606,0.0,27426.648842688606
Config2,3.0,2.0,4.0,0.4,0.6,35.439943651908635,36604.82045965502,9204.684303158916
Config2,3.0,2.0,4.0,0.4,0.8,15056.541313781709,0.0,15056.541313781709
Config2,3.0,2.0,4.0,0.4,0.9,24752.674187124125,0.0,24752.674187124125
Config2,3.0,2.0,4.0,0.6,0.6,6252.491035158338,0.0,6252.491035158338
Config2,3.0,2.0,4.0,0.6,0.8,22771.5817794042,0.0,22771.5817794042
Config2,3.0,2.0,4.0,0.6,0.9,28446.871522454934,0.0,28446.871522454934
Config2,3.0,2.0,4.0,0.8,0.6,15968.338706817169,0.0,15968.338706817169
Config2,3.0,2.0,4.0,0.8,0.8,26761.558600810353,0.0,26761.558600810353
Config2,3.0,2.0,4.0,0.8,0.9,30676.805449842926,0.0,30676.805449842926
Config2,3.0,2.0,5.0,0.4,0.6,25.52450768590388,25522.93854503029,10192.3340858221
Config2,3.0,2.0,5.0,0.4,0.8,8741.852789435983,0.0,8741.852789435983
Config2,3.0,2.0,5.0,0.4,0.9,22253.21317963003,0.0,22253.21317963003
Config2,3.0,2.0,5.0,0.6,0.6,76.54628767148095,41135.833084075224,4395.810345785551
Config2,3.0,2.0,5.0,0.6,0.8,18830.570257075913,0.0,18830.570257075913
Config2,3.0,2.0,5.0,0.6,0.9,26519.76325976607,0.0,26519.76325976607
Config2,3.0,2.0,5.0,0.8,0.6,8823.23229498442,0.0,8823.23229498442
Config2,3.0,2.0,5.0,0.8,0.8,23769.43242008899,0.0,23769.43242008899
Config2,3.0,2.0,5.0,0.8,0.9,28916.20481643506,0.0,28916.20481643506
Config2,3.0,2.0,6.0,0.4,0.6,22.935086169495953,16372.489535873376,8170.810775594971
Config2,3.0,2.0,6.0,0.4,0.8,1479.098603781209,44008.30172727284,1942.6335280242038
Config2,3.0,2.0,6.0,0.4,0.9,19966.198965041927,0.0,19966.198965041927
Config2,3.0,2.0,6.0,0.6,0.6,36.697578232370574,23224.463198912945,5856.248869296011
Config2,3.0,2.0,6.0,0.6,0.8,15169.767713780604,0.0,15169.767713780604
Config2,3.0,2.0,6.0,0.6,0.9,24863.883152622355,0.0,24863.883152622355
Config2,3.0,2.0,6.0,0.8,0.6,987.5346996937524,38032.337273644895,1206.1303497192907
Config2,3.0,2.0,6.0,0.8,0.8,20987.925791480997,0.0,20987.925791480997
Config2,3.0,2.0,6.0,0.8,0.9,27294.6020466154,0.0,27294.6020466154
Config2,3.0,3.0,4.0,0.4,0.6,35.37677630648554,36405.8209192004,9284.381812437723
Config2,3.0,3.0,4.0,0.4,0.8,15087.226465938867,0.0,15087.226465938867
Config2,3.0,3.0,4.0,0.4,0.9,24822.093544366937,0.0,24822.093544366937
Config2,3.0,3.0,4.0,0.6,0.6,6247.474063562185,0.0,6247.474063562185
Config2,3.0,3.0,4.0,0.6,0.8,22782.67928634015,0.0,22782.67928634015
Config2,3.0,3.0,4.0,0.6,0.9,28418.322261538793,0.0,28418.322261538793
Config2,3.0,3.0,4.0,0.8,0.6,15972.907753033955,0.0,15972.907753033955
Config2,3.0,3.0,4.0,0.8,0.8,26808.944593842258,0.0,26808.944593842258
Config2,3.0,3.0,4.0,0.8,0.9,30671.1592293873,0.0,30671.1592293873
Config2,3.0,3.0,5.0,0.4,0.6,25.80102298727168,25885.33174826094,10286.764716352958
Config2,3.0,3.0,5.0,0.4,0.8,8525.81710734226,0.0,8525.81710734226
Config2,3.0,3.0,5.0,0.4,0.9,22251.12456793342,0.0,22251.12456793342
Config2,3.0,3.0,5.0,0.6,0.6,76.23987451985315,41205.77709840438,4413.654768933985
Config2,3.0,3.0,5.0,0.6,0.8,18742.51214563777,0.0,18742.51214563777
Config2,3.0,3.0,5.0,0.6,0.9,26451.850611940772,0.0,26451.850611940772
Config2,3.0,3.0,5.0,0.8,0.6,8749.62497144151,0.0,8749.62497144151
Config2,3.0,3.0,5.0,0.8,0.8,23786.481235701493,0.0,23786.481235701493
Config2,3.0,3.0,5.0,0.8,0.9,29032.924346147014,0.0,29032.924346147014
Config2,3.0,3.0,6.0,0.4,0.6,23.16898104319495,16478.236047867587,8107.479628745262
Config2,3.0,3.0,6.0,0.4,0.8,1606.1559736042818,40860.965813994444,1906.795187654336
Config2,3.0,3.0,6.0,0.4,0.9,19948.933928657785,0.0,19948.933928657785
Config2,3.0,3.0,6.0,0.6,0.6,36.80262777462055,23637.924300659393,5887.1767002395045
Config2,3.0,3.0,6.0,0.6,0.8,15191.58091775455,0.0,15191.58091775455
Config2,3.0,3.0,6.0,0.6,0.9,24959.56768621938,0.0,24959.567686219383
Config2,3.0,3.0,6.0,0.8,0.6,1024.5261518292357,28495.810038846786,1120.8357760280885
Config2,3.0,3.0,6.0,0.8,0.8,21002.934582596106,0.0,21002.934582596106
Config2,3.0,3.0,6.0,0.8,0.9,27326.440669902597,0.0,27326.440669902597
Config2,3.0,4.0,4.0,0.4,0.6,35.43495338770422,36715.37932832175,9344.84569481374
Config2,3.0,4.0,4.0,0.4,0.8,15093.286788293395,0.0,15093.286788293395
Config2,3.0,4.0,4.0,0.4,0.9,24883.927405804476,0.0,24883.927405804476
Config2,3.0,4.0,4.0,0.6,0.6,6261.9374167132455,0.0,6261.937416713245
Config2,3.0,4.0,4.0,0.6,0.8,22761.409818718752,0.0,22761.409818718752
Config2,3.0,4.0,4.0,0.6,0.9,28395.72465016889,0.0,28395.72465016889
Config2,3.0,4.0,4.0,0.8,0.6,15959.200517367279,0.0,15959.200517367279
Config2,3.0,4.0,4.0,0.8,0.8,26767.501752333592,0.0,26767.501752333592
Config2,3.0,4.0,4.0,0.8,0.9,30671.426389068773,0.0,30671.426389068773
Config2,3.0,4.0,5.0,0.4,0.6,25.741393957162387,25334.96491233752,10211.880244047752
Config2,3.0,4.0,5.0,0.4,0.8,8483.45714451373,0.0,8483.45714451373
Config2,3.0,4.0,5.0,0.4,0.9,22137.320283600624,0.0,22137.320283600624
Config2,3.0,4.0,5.0,0.6,0.6,75.47051217112535,41037.14248266461,4200.428999201764
Config2,3.0,4.0,5.0,0.6,0.8,18813.857413547754,0.0,18813.857413547754
Config2,3.0,4.0,5.0,0.6,0.9,26468.01719164181,0.0,26468.01719164181
Config2,3.0,4.0,5.0,0.8,0.6,8705.034727292012,0.0,8705.034727292012
Config2,3.0,4.0,5.0,0.8,0.8,23780.806196563823,0.0,23780.806196563823
Config2,3.0,4.0,5.0,0.8,0.9,29011.21152787291,0.0,29011.21152787291
Config2,3.0,4.0,6.0,0.4,0.6,22.81774066816022,16459.682365764387,8197.24651396862
Config2,3.0,4.0,6.0,0.4,0.8,1588.440132812157,39022.35355396662,1927.6987371715795
Config2,3.0,4.0,6.0,0.4,0.9,19900.498017984584,0.0,19900.498017984584
Config2,3.0,4.0,6.0,0.6,0.6,36.28062477164199,23601.603577091337,5843.1270164853695
Config2,3.0,4.0,6.0,0.6,0.8,15072.992331036134,0.0,15072.992331036134
Config2,3.0,4.0,6.0,0.6,0.9,24859.330146881224,0.0,24859.330146881224
Config2,3.0,4.0,6.0,0.8,0.6,908.3261194621455,33055.95437614131,1070.093092163267
Config2,3.0,4.0,6.0,0.8,0.8,20994.55314345923,0.0,20994.55314345923
Config2,3.0,4.0,6.0,0.8,0.9,27301.303088372548,0.0,27301.30308837255
Config2,3.5,2.0,4.0,0.4,0.6,38.138182130407905,36270.35863339149,9154.985044263716
Config2,3.5,2.0,4.0,0.4,0.8,15325.589706861672,0.0,15325.589706861674
Config2,3.5,2.0,4.0,0.4,0.9,23878.040765875594,0.0,23878.040765875594
Config2,3.5,2.0,4.0,0.6,0.6,5997.321691896544,0.0,5997.321691896543
Config2,3.5,2.0,4.0,0.6,0.8,22691.83199603296,0.0,22691.83199603296
Config2,3.5,2.0,4.0,0.6,0.9,27517.12015922545,0.0,27517.12015922545
Config2,3.5,2.0,4.0,0.8,0.6,16027.433497798802,0.0,16027.433497798804
Config2,3.5,2.0,4.0,0.8,0.8,26791.354232626858,0.0,26791.35423262685
Config2,3.5,2.0,4.0,0.8,0.9,29974.388658216965,0.0,29974.388658216965
Config2,3.5,2.0,5.0,0.4,0.6,27.82413830547169,25511.073096879983,10179.243494942779
Config2,3.5,2.0,5.0,0.4,0.8,8720.214234149555,0.0,8720.214234149555
Config2,3.5,2.0,5.0,0.4,0.9,21264.790505991612,0.0,21264.790505991612
Config2,3.5,2.0,5.0,0.6,0.6,98.19960188805302,41900.99511929167,4332.491406702177
Config2,3.5,2.0,5.0,0.6,0.8,19063.030493961098,0.0,19063.030493961098
Config2,3.5,2.0,5.0,0.6,0.9,25524.31184302757,0.0,25524.31184302757
Config2,3.5,2.0,5.0,0.8,0.6,8809.192139287941,0.0,8809.192139287941
Config2,3.5,2.0,5.0,0.8,0.8,23862.28143993418,0.0,23862.28143993418
Config2,3.5,2.0,5.0,0.8,0.9,28047.866232272572,0.0,28047.866232272572
Config2,3.5,2.0,6.0,0.4,0.6,24.197426652581854,16323.254005950392,8138.143983435833
Config2,3.5,2.0,6.0,0.4,0.8,1183.7142538061294,39329.366256518355,1941.817928951834
Config2,3.5,2.0,6.0,0.4,0.9,18857.984850600064,0.0,18857.984850600064
Config2,3.5,2.0,6.0,0.6,0.6,36.91517439297411,23161.970369679613,5940.230753902828
Config2,3.5,2.0,6.0,0.6,0.8,15275.471374960714,0.0,15275.471374960714
Config2,3.5,2.0,6.0,0.6,0.9,23699.24966467166,0.0,23699.24966467166
Config2,3.5,2.0,6.0,0.8,0.6,921.7560855864754,35347.794184784616,1093.1904066027523
Config2,3.5,2.0,6.0,0.8,0.8,20916.120868514463,0.0,20916.120868514463
Config2,3.5,2.0,6.0,0.8,0.9,26412.44687921897,0.0,26412.44687921897
Config2,3.5,3.0,4.0,0.4,0.6,38.368389023246166,36417.28075103567,9096.133151244085
Config2,3.5,3.0,4.0,0.4,0.8,15339.121303535192,0.0,15339.121303535192
Config2,3.5,3.0,4.0,0.4,0.9,23759.78564460986,0.0,23759.78564460986
Config2,3.5,3.0,4.0,0.6,0.6,5984.10887780398,0.0,5984.10887780398
Config2,3.5,3.0,4.0,0.6,0.8,22721.971637379793,0.0,22721.971637379793
Config2,3.5,3.0,4.0,0.6,0.9,27494.779315293123,0.0,27494.779315293123
Config2,3.5,3.0,4.0,0.8,0.6,16021.297405021856,0.0,16021.297405021856
Config2,3.5,3.0,4.0,0.8,0.8,26804.29974807164,0.0,26804.29974807164
Config2,3.5,3.0,4.0,0.8,0.9,30006.425223354534,0.0,30006.425223354534
Config2,3.5,3.0,5.0,0.4,0.6,27.695126535526573,25589.083742519615,10227.52100139562
Config2,3.5,3.0,5.0,0.4,0.8,8803.296749197414,0.0,8803.296749197414
Config2,3.5,3.0,5.0,0.4,0.9,21133.727540277676,0.0,21133.727540277676
Config2,3.5,3.0,5.0,0.6,0.6,83.18051070572747,41217.69330474068,4319.196725455739
Config2,3.5,3.0,5.0,0.6,0.8,19188.012071829657,0.0,19188.012071829657
Config2,3.5,3.0,5.0,0.6,0.9,25552.451387128967,0.0,25552.451387128967
Config2,3.5,3.0,5.0,0.8,0.6,8823.022960936843,0.0,8823.022960936843
Config2,3.5,3.0,5.0,0.8,0.8,23829.764102656598,0.0,23829.764102656598
Config2,3.5,3.0,5.0,0.8,0.9,27976.14523458346,0.0,27976.14523458346
Config2,3.5,3.0,6.0,0.4,0.6,24.07343695988792,16350.097329454944,8193.927706249335
Config2,3.5,3.0,6.0,0.4,0.8,1687.1781771433414,27030.863267989356,1902.8749813413888
Config2,3.5,3.0,6.0,0.4,0.9,18931.288327962237,0.0,18931.288327962237
Config2,3.5,3.0,6.0,0.6,0.6,37.38865208081744,23793.704298150966,5915.667390018794
Config2,3.5,3.0,6.0,0.6,0.8,15113.36000175599,0.0,15113.36000175599
Config2,3.5,3.0,6.0,0.6,0.9,23712.976204170667,0.0,23712.976204170667
Config2,3.5,3.0,6.0,0.8,0.6,838.8333127848036,37320.05342114165,1146.4652084070121
Config2,3.5,3.0,6.0,0.8,0.8,20976.706874884872,0.0,20976.706874884872
Config2,3.5,3.0,6.0,0.8,0.9,26412.58896981406,0.0,26412.58896981406
Config2,3.5,4.0,4.0,0.4,0.6,37.253975233690156,36455.678799527464,9306.807389402506
Config2,3.5,4.0,4.0,0.4,0.8,15276.40883518224,0.0,15276.40883518224
Config2,3.5,4.0,4.0,0.4,0.9,23827.538074040414,0.0,23827.538074040414
Config2,3.5,4.0,4.0,0.6,0.6,6029.959907206386,0.0,6029.959907206384
Config2,3.5,4.0,4.0,0.6,0.8,22686.957129481307,0.0,22686.957129481307
Config2,3.5,4.0,4.0,0.6,0.9,27502.99761757254,0.0,27502.99761757254
Config2,3.5,4.0,4.0,0.8,0.6,16040.907783730237,0.0,16040.907783730237
Config2,3.5,4.0,4.0,0.8,0.8,26795.607226291715,0.0,26795.607226291715
Config2,3.5,4.0,4.0,0.8,0.9,30000.91432098995,0.0,30000.91432098995
Config2,3.5,4.0,5.0,0.4,0.6,27.577684023385853,25353.57139337817,10171.899800369363
Config2,3.5,4.0,5.0,0.4,0.8,8941.004655072347,0.0,8941.004655072347
Config2,3.5,4.0,5.0,0.4,0.9,21160.56183972119,0.0,21160.56183972119
Config2,3.5,4.0,5.0,0.6,0.6,78.8907797150726,40946.21615464026,4306.019831302851
Config2,3.5,4.0,5.0,0.6,0.8,19124.487654401546,0.0,19124.487654401546
Config2,3.5,4.0,5.0,0.6,0.9,25434.724087549246,0.0,25434.724087549246
Config2,3.5,4.0,5.0,0.8,0.6,8813.213098382044,0.0,8813.213098382044
Config2,3.5,4.0,5.0,0.8,0.8,23758.128434778373,0.0,23758.128434778373
Config2,3.5,4.0,5.0,0.8,0.9,27970.27780631436,0.0,27970.27780631436
Config2,3.5,4.0,6.0,0.4,0.6,24.15230961123522,16194.199962577091,8084.494355189074
Config2,3.5,4.0,6.0,0.4,0.8,1204.5044394756592,40836.18229338071,1671.5140221501342
Config2,3.5,4.0,6.0,0.4,0.9,18628.14011260157,0.0,18628.14011260157
Config2,3.5,4.0,6.0,0.6,0.6,38.25251181371473,23422.92361253927,5926.331195634266
Config2,3.5,4.0,6.0,0.6,0.8,15127.826476534981,0.0,15127.826476534981
Config2,3.5,4.0,6.0,0.6,0.9,23739.935448039567,0.0,23739.935448039567
Config2,3.5,4.0,6.0,0.8,0.6,974.2764245612195,28277.952967986996,1044.2623356988604
Config2,3.5,4.0,6.0,0.8,0.8,20981.812448438926,0.0,20981.812448438926
Config2,3.5,4.0,6.0,0.8,0.9,26484.26698260281,0.0,26484.26698260281
